"All"	"_"	"_"	"_"	"of"	"my"	"sins"	"0.157"	"0"	"0"	"1.107"	"0"	"0"	"0"	"0"	"0"	"4.763"	"0.148"	"10.233"	"0.000"	"0"	"0"	"0"	"0"	"0"	"0"	"0"	"0"	"0"	"0"	"0"	"0"	"0"	"0"	"1"	"0"	"0"	"0"	"1"	"0"	"0"	"0"	"1"	"0"	"0"	"0"	"0"	"0"	"1"	"1"	"0"	"0"	"1"	"0"	"3"	"1"	"1"	"1"	"2"	"2"	"4"	"-0.773"\t"TITLE"\t"O"
"of"	"_"	"_"	"All"	"my"	"sins"	"are"	"0"	"0.157"	"0"	"0"	"1.107"	"0"	"0"	"0"	"0"	"10.233"	"4.763"	"1.354"	"0"	"0.000"	"0"	"0"	"0"	"0"	"0"	"0"	"0"	"0"	"0"	"0"	"0"	"0"	"0"	"0"	"0"	"1"	"0"	"0"	"0"	"1"	"0"	"0"	"0"	"1"	"0"	"0"	"0"	"1"	"0"	"0"	"0"	"0"	"0"	"2"	"1"	"1"	"3"	"2"	"4"	"3"	"-0.773"\t"TITLE"\t"O"
"my"	"_"	"All"	"of"	"sins"	"are"	"taken"	"0"	"0"	"0"	"0"	"0"	"0"	"0"	"0"	"0"	"1.354"	"10.233"	"0.077"	"0"	"0"	"0"	"0"	"0"	"0"	"0"	"0"	"0"	"0"	"0"	"0"	"0"	"0"	"0"	"0"	"1"	"0"	"0"	"0"	"1"	"0"	"0"	"0"	"1"	"0"	"0"	"0"	"0"	"0"	"0"	"0"	"0"	"0"	"0"	"2"	"1"	"3"	"2"	"4"	"3"	"5"	"-0.773"\t"TITLE"\t"O"
"sins"	"All"	"of"	"my"	"are"	"taken"	"away"	"0"	"0"	"0"	"0"	"0"	"0"	"0"	"0"	"0"	"0.077"	"1.354"	"1.375"	"0"	"0"	"0"	"0"	"0"	"0"	"0"	"0"	"0"	"0"	"1"	"0"	"0"	"0"	"1"	"0"	"0"	"0"	"0"	"0"	"0"	"0"	"0"	"0"	"0"	"0"	"0"	"0"	"0"	"0"	"0"	"0"	"0"	"0"	"0"	"4"	"3"	"2"	"2"	"3"	"5"	"4"	"-0.773"\t"TITLE"\t"O"
"are"	"of"	"my"	"sins"	"taken"	"away"	";"	"0"	"0"	"0"	"0"	"0"	"0"	"0"	"0"	"0"	"1.375"	"0.077"	"0.077"	"0"	"0"	"0"	"0"	"0"	"0"	"0"	"1"	"0"	"0"	"0"	"1"	"0"	"0"	"1"	"0"	"0"	"0"	"1"	"0"	"0"	"0"	"0"	"0"	"0"	"0"	"0"	"0"	"0"	"0"	"0"	"0"	"0"	"0"	"0"	"3"	"2"	"2"	"4"	"5"	"4"	"1"	"-0.773"\t"TITLE"\t"O"
"taken"	"my"	"sins"	"are"	"away"	";"	"Ai"	"0"	"0"	"0"	"0"	"0"	"0"	"0"	"0"	"0"	"0.077"	"1.375"	"0.215"	"0"	"0"	"0"	"0"	"0"	"0"	"0"	"0"	"0"	"1"	"0"	"1"	"0"	"1"	"0"	"1"	"0"	"0"	"1"	"0"	"0"	"0"	"1"	"0"	"0"	"0"	"0"	"0"	"0"	"0"	"0"	"0"	"1"	"0"	"0"	"5"	"2"	"4"	"3"	"4"	"1"	"10"	"-0.773"\t"TITLE"\t"O"
"away"	"sins"	"are"	"taken"	";"	"Ai"	"Suzette"	"0"	"0"	"0"	"0"	"0"	"0"	"0"	"0"	"0"	"0.215"	"0.077"	"3.346"	"0"	"0"	"0"	"0"	"0"	"0"	"0"	"0"	"1"	"0"	"0"	"0"	"1"	"1"	"0"	"1"	"0"	"1"	"0"	"1"	"0"	"0"	"0"	"0"	"0"	"0"	"0"	"1"	"0"	"0"	"0"	"1"	"0"	"0"	"0"	"4"	"4"	"3"	"5"	"1"	"10"	"15"	"-0.773"\t"TITLE"\t"O"
";"	"are"	"taken"	"away"	"Ai"	"Suzette"	"/"	"0"	"0"	"0"	"0"	"0"	"0"	"0"	"0"	"0"	"3.346"	"0.215"	"0"	"0"	"0"	"0"	"0"	"0"	"0"	"0"	"0"	"0"	"0"	"0"	"0"	"1"	"0"	"0"	"0"	"1"	"1"	"0"	"0"	"0"	"1"	"0"	"0"	"0"	"0"	"1"	"1"	"1"	"0"	"0"	"0"	"0"	"0"	"0"	"1"	"3"	"5"	"4"	"10"	"15"	"1"	"-0.773"\t"TITLE"\t"O"
"Ai"	"taken"	"away"	";"	"Suzette"	"/"	"Edna"	"2.024"	"0"	"0"	"3.312"	"0"	"0"	"0"	"0"	"0"	"1.471"	"3.346"	"0"	"0.000"	"0"	"0"	"0"	"0"	"0"	"0"	"1"	"0"	"0"	"0"	"0"	"0"	"0"	"0"	"0"	"1"	"0"	"0"	"0"	"1"	"0"	"0"	"1"	"0"	"0"	"1"	"0"	"0"	"0"	"1"	"0"	"1"	"0"	"0"	"2"	"5"	"4"	"1"	"15"	"1"	"12"	"-0.773"\t"TITLE"\t"B-PER"
"Suzette"	"away"	";"	"Ai"	"/"	"Edna"	"Thomas"	"2.209"	"2.024"	"0"	"0"	"3.312"	"0"	"0"	"0"	"0"	"0.077"	"1.471"	"2.690"	"0.000"	"0.000"	"0"	"0"	"0"	"0"	"0"	"0"	"0"	"1"	"0"	"0"	"0"	"0"	"0"	"0"	"0"	"0"	"0"	"0"	"0"	"0"	"0"	"1"	"0"	"1"	"0"	"1"	"0"	"1"	"0"	"1"	"0"	"0"	"0"	"7"	"4"	"1"	"2"	"1"	"12"	"14"	"-0.773"\t"TITLE"\t"I-PER"
"/"	";"	"Ai"	"Suzette"	"Edna"	"Thomas"	","	"0"	"2.209"	"0"	"0"	"0"	"0"	"0"	"0"	"0"	"2.690"	"0.077"	"0"	"0"	"0.000"	"0"	"0"	"0"	"0"	"0"	"0"	"1"	"0"	"0"	"0"	"0"	"0"	"0"	"0"	"0"	"0"	"0"	"0"	"0"	"0"	"0"	"0"	"1"	"1"	"1"	"1"	"1"	"0"	"0"	"0"	"0"	"0"	"0"	"1"	"1"	"2"	"7"	"12"	"14"	"9"	"-0.773"\t"TITLE"\t"O"
"Edna"	"Ai"	"Suzette"	"/"	"Thomas"	","	"S"	"4.139"	"0"	"0"	"0.516"	"0"	"0"	"0"	"0"	"0"	"0.923"	"2.690"	"0"	"0.000"	"0"	"0"	"0"	"0"	"0"	"0"	"0"	"0"	"0"	"0"	"0"	"0"	"0"	"0"	"0"	"0"	"0"	"0"	"0"	"0"	"0"	"0"	"1"	"1"	"0"	"1"	"0"	"0"	"0"	"1"	"0"	"1"	"0"	"0"	"4"	"2"	"7"	"1"	"14"	"9"	"1"	"-0.773"\t"TITLE"\t"B-PER"
"Thomas"	"Suzette"	"/"	"Edna"	","	"S"	";"	"8.091"	"4.139"	"0"	"7.181"	"0.516"	"0"	"0"	"0"	"0"	"4.723"	"0.923"	"0"	"0.000"	"0.000"	"0"	"1"	"0"	"0"	"0"	"1"	"0"	"0"	"0"	"0"	"0"	"0"	"0"	"0"	"0"	"0"	"0"	"0"	"0"	"0"	"0"	"1"	"0"	"1"	"0"	"1"	"0"	"1"	"0"	"1"	"1"	"0"	"0"	"6"	"7"	"1"	"4"	"9"	"1"	"1"	"-0.773"\t"TITLE"\t"I-PER"
","	"/"	"Edna"	"Thomas"	"S"	";"	"with"	"0"	"8.091"	"0"	"0"	"7.181"	"0"	"0"	"0"	"0"	"2.112"	"4.723"	"3.214"	"0"	"0.000"	"0.000"	"0"	"0"	"1"	"0"	"0"	"0"	"1"	"1"	"0"	"0"	"0"	"0"	"0"	"0"	"0"	"0"	"0"	"0"	"0"	"0"	"0"	"1"	"1"	"1"	"0"	"1"	"0"	"0"	"1"	"1"	"0"	"0"	"1"	"1"	"4"	"6"	"1"	"1"	"4"	"-0.773"\t"TITLE"\t"I-PER"
"S"	"Edna"	"Thomas"	","	";"	"with"	"orchestra"	"0"	"0"	"0"	"0"	"0"	"0"	"0"	"0"	"0"	"3.214"	"2.112"	"3.346"	"0.000"	"0"	"0"	"0"	"1"	"0"	"0"	"1"	"1"	"0"	"0"	"0"	"0"	"0"	"0"	"0"	"0"	"0"	"0"	"0"	"0"	"0"	"0"	"1"	"1"	"0"	"0"	"0"	"1"	"0"	"1"	"1"	"0"	"0"	"0"	"1"	"4"	"6"	"1"	"1"	"4"	"9"	"-0.773"\t"TITLE"\t"O"
";"	"Thomas"	","	"S"	"with"	"orchestra"	"_"	"0"	"0"	"0"	"0"	"0"	"0"	"0"	"0"	"0"	"3.346"	"3.214"	"4.973"	"0"	"0.000"	"0"	"0"	"0"	"0"	"0"	"0"	"0"	"1"	"0"	"0"	"0"	"0"	"0"	"0"	"0"	"0"	"0"	"0"	"0"	"0"	"0"	"0"	"0"	"1"	"0"	"0"	"1"	"1"	"1"	"0"	"0"	"0"	"0"	"1"	"6"	"1"	"1"	"4"	"9"	"1"	"-0.773"\t"TITLE"\t"O"
"with"	","	"S"	";"	"orchestra"	"_"	"_"	"0"	"0"	"0"	"0"	"0"	"0"	"0"	"0"	"0"	"4.973"	"3.346"	"3.992"	"0"	"0"	"0"	"0"	"0"	"0"	"0"	"0"	"1"	"0"	"1"	"0"	"0"	"0"	"0"	"0"	"0"	"0"	"0"	"0"	"0"	"0"	"0"	"0"	"1"	"0"	"0"	"0"	"0"	"1"	"1"	"0"	"1"	"0"	"0"	"4"	"1"	"1"	"1"	"9"	"1"	"1"	"-0.773"\t"TITLE"\t"O"
"orchestra"	"S"	";"	"with"	"_"	"_"	"_"	"0"	"0"	"0"	"0"	"0"	"0"	"0"	"0"	"0"	"3.992"	"4.973"	"0.148"	"0"	"0"	"0"	"0"	"0"	"0"	"0"	"1"	"0"	"0"	"0"	"0"	"0"	"0"	"0"	"0"	"0"	"0"	"0"	"0"	"0"	"0"	"0"	"0"	"0"	"0"	"0"	"0"	"0"	"1"	"0"	"1"	"1"	"0"	"0"	"9"	"1"	"1"	"4"	"1"	"1"	"1"	"-0.773"\t"TITLE"\t"O"
"Thomas"	"_"	"_"	"_"	","	""	"Edna"	"8.091"	"0"	"0"	"7.181"	"0"	"0"	"0"	"0"	"0"	"4.723"	"0.148"	"0"	"0.000"	"0"	"0"	"1"	"0"	"0"	"0"	"1"	"0"	"0"	"0"	"0"	"0"	"0"	"0"	"0"	"0"	"0"	"0"	"0"	"0"	"0"	"0"	"1"	"0"	"0"	"0"	"1"	"0"	"1"	"1"	"1"	"1"	"1"	"0"	"6"	"1"	"1"	"1"	"9"	"8"	"12"	"-0.405"\t"CREATOR"\t"B-PER"
","	"_"	"_"	"Thomas"	""	"Edna"	"("	"0"	"8.091"	"0"	"0"	"7.181"	"0"	"0"	"0"	"0"	"2.112"	"4.723"	"0"	"0"	"0.000"	"0"	"0"	"0"	"1"	"0"	"0"	"0"	"1"	"0"	"0"	"0"	"0"	"0"	"0"	"0"	"0"	"0"	"0"	"0"	"0"	"0"	"0"	"0"	"1"	"1"	"1"	"1"	"1"	"0"	"1"	"0"	"0"	"0"	"1"	"1"	"1"	"6"	"8"	"12"	"1"	"-0.405"\t"CREATOR"\t"I-PER"
"("	","	""	"Edna"	"1885-1974"	")"	"."	"0"	"0"	"0"	"0"	"0"	"0"	"0"	"0"	"0"	"0"	"0"	"0"	"0"	"0"	"0"	"0"	"0"	"0"	"0"	"0"	"0"	"0"	"0"	"0"	"0"	"0"	"0"	"0"	"0"	"0"	"0"	"0"	"0"	"0"	"0"	"0"	"1"	"1"	"0"	"0"	"1"	"1"	"0"	"1"	"1"	"0"	"0"	"1"	"1"	"8"	"12"	"9"	"1"	"1"	"-0.405"\t"CREATOR"\t"O"
"1885-1974"	""	"Edna"	"("	")"	"."	"Soprano"	"0"	"0"	"0"	"0"	"0"	"0"	"0"	"0"	"0"	"0"	"0"	"0"	"0"	"0"	"0"	"0"	"0"	"0"	"0"	"0"	"0"	"0"	"0"	"0"	"0"	"0"	"0"	"0"	"0"	"0"	"0"	"0"	"0"	"0"	"0"	"0"	"1"	"0"	"0"	"0"	"1"	"0"	"1"	"1"	"1"	"0"	"0"	"9"	"8"	"12"	"1"	"1"	"1"	"7"	"-0.405"\t"CREATOR"\t"O"
")"	"Edna"	"("	"1885-1974"	"."	"Soprano"	"_"	"0"	"0"	"0"	"0"	"0"	"0"	"0"	"0"	"0"	"0"	"0"	"2.366"	"0"	"0"	"0"	"0"	"0"	"0"	"0"	"0"	"0"	"0"	"0"	"0"	"0"	"0"	"0"	"0"	"0"	"0"	"0"	"0"	"0"	"0"	"0"	"0"	"0"	"0"	"0"	"1"	"1"	"1"	"1"	"1"	"0"	"0"	"0"	"1"	"12"	"1"	"9"	"1"	"7"	"1"	"-0.405"\t"CREATOR"\t"O"
"."	"("	"1885-1974"	")"	"Soprano"	"_"	"_"	"0"	"0"	"0.0658669928223053"	"0"	"0"	"1.246"	"0"	"0"	"0"	"2.366"	"0"	"0.215"	"0"	"0"	"0.000"	"0"	"0"	"0"	"1"	"0"	"0"	"0"	"1"	"0"	"0"	"0"	"0"	"0"	"0"	"0"	"1"	"0"	"0"	"0"	"0"	"0"	"0"	"0"	"1"	"0"	"1"	"1"	"1"	"0"	"1"	"0"	"0"	"1"	"1"	"9"	"1"	"7"	"1"	"1"	"-0.405"\t"CREATOR"\t"O"
"Soprano"	"1885-1974"	")"	"."	"_"	"_"	"_"	"0.066"	"0"	"0.066"	"1.246"	"0"	"0"	"0"	"0"	"0"	"0.215"	"2.366"	"0.148"	"0.000"	"0"	"0"	"1"	"0"	"0"	"0"	"1"	"0"	"0"	"0"	"0"	"0"	"0"	"0"	"1"	"0"	"0"	"0"	"0"	"0"	"0"	"0"	"1"	"0"	"0"	"0"	"0"	"0"	"1"	"1"	"1"	"1"	"0"	"0"	"7"	"9"	"1"	"1"	"1"	"1"	"1"	"-0.405"\t"CREATOR"\t"O"
"chanson"	"_"	"_"	"_"	"anglophone"	"_"	"_"	"0"	"0"	"0"	"0"	"0"	"0"	"0"	"0"	"0"	"1.783"	"0.148"	"1.414"	"0"	"0"	"0"	"0"	"0"	"0"	"0"	"0"	"0"	"0"	"0"	"0"	"0"	"0"	"0"	"0"	"0"	"0"	"0"	"0"	"0"	"0"	"0"	"0"	"0"	"0"	"0"	"0"	"0"	"1"	"1"	"0"	"1"	"1"	"0"	"7"	"1"	"1"	"1"	"10"	"1"	"1"	"0"\t"SUBJECT"\t"O"
"anglophone"	"_"	"_"	"chanson"	"_"	"_"	"_"	"0"	"0"	"0"	"0"	"0"	"0"	"0"	"0"	"0"	"1.414"	"1.783"	"0.148"	"0"	"0"	"0"	"0"	"0"	"0"	"0"	"0"	"0"	"0"	"0"	"0"	"0"	"0"	"0"	"0"	"0"	"0"	"0"	"0"	"0"	"0"	"0"	"0"	"0"	"0"	"0"	"0"	"0"	"1"	"0"	"1"	"1"	"0"	"0"	"10"	"1"	"1"	"7"	"1"	"1"	"1"	"0"\t"SUBJECT"\t"O"
"Fats"	"_"	"_"	"_"	"Waller"	","	"Viper"	"0.687"	"0"	"1.54982374282794"	"0.203"	"0"	"4.678"	"0"	"0"	"0"	"1.433"	"0.148"	"1.124"	"0.000"	"0"	"0.000"	"0"	"0"	"0"	"1"	"0"	"0"	"0"	"1"	"0"	"0"	"0"	"0"	"0"	"0"	"0"	"0"	"0"	"0"	"0"	"0"	"1"	"0"	"0"	"1"	"0"	"0"	"1"	"1"	"0"	"1"	"1"	"0"	"4"	"1"	"1"	"1"	"6"	"1"	"5"	"0.288"\t"TITLE"\t"O"
"Waller"	"_"	"_"	"Fats"	","	"Viper"	"'s"	"1.550"	"0.687"	"1.550"	"4.678"	"0.203"	"0"	"0"	"0"	"0"	"1.124"	"1.433"	"2.112"	"0.000"	"0.000"	"0"	"1"	"0"	"0"	"0"	"1"	"0"	"0"	"0"	"0"	"0"	"0"	"0"	"0"	"0"	"0"	"0"	"0"	"0"	"0"	"0"	"1"	"0"	"1"	"0"	"1"	"0"	"1"	"0"	"1"	"0"	"0"	"0"	"6"	"1"	"1"	"4"	"1"	"5"	"2"	"0.288"\t"TITLE"\t"O"
","	"_"	"Fats"	"Waller"	"Viper"	"'s"	"Drag"	"1.550"	"1.550"	"1.550"	"0"	"4.678"	"0.107"	"0"	"0"	"0"	"2.112"	"1.124"	"0.494"	"0"	"0.000"	"0.000"	"0"	"0"	"1"	"0"	"0"	"0"	"1"	"1"	"0"	"0"	"0"	"0"	"0"	"0"	"0"	"0"	"0"	"0"	"0"	"0"	"0"	"1"	"1"	"1"	"0"	"1"	"0"	"0"	"0"	"0"	"0"	"0"	"1"	"1"	"4"	"6"	"5"	"2"	"4"	"0.288"\t"TITLE"\t"O"
"Viper"	"Fats"	"Waller"	","	"'s"	"Drag"	"_"	"1.550"	"1.550"	"1.550"	"0.107"	"0"	"0"	"0"	"0"	"0"	"0.494"	"2.112"	"0.672"	"0.000"	"0"	"0"	"0"	"1"	"0"	"0"	"1"	"1"	"0"	"0"	"0"	"0"	"0"	"0"	"0"	"0"	"0"	"0"	"0"	"0"	"0"	"0"	"1"	"1"	"0"	"0"	"1"	"0"	"0"	"1"	"0"	"0"	"0"	"0"	"5"	"4"	"6"	"1"	"2"	"4"	"1"	"0.288"\t"TITLE"\t"O"
"'s"	"Waller"	","	"Viper"	"Drag"	"_"	"_"	"1.550"	"1.550"	"1.550"	"0"	"0.107"	"0.855"	"0"	"0"	"0"	"0.672"	"0.494"	"1.097"	"0"	"0.000"	"0.000"	"0"	"0"	"0"	"0"	"0"	"0"	"1"	"1"	"0"	"0"	"0"	"1"	"0"	"0"	"0"	"0"	"0"	"0"	"0"	"0"	"0"	"0"	"1"	"1"	"0"	"0"	"1"	"0"	"0"	"1"	"0"	"0"	"2"	"6"	"1"	"5"	"4"	"1"	"1"	"0.288"\t"TITLE"\t"O"
"Drag"	","	"Viper"	"'s"	"_"	"_"	"_"	"1.550"	"1.550"	"1.550"	"0.855"	"0"	"0"	"0"	"0"	"0"	"1.097"	"0.672"	"0.148"	"0.000"	"0"	"0"	"0"	"0"	"0"	"0"	"1"	"1"	"0"	"0"	"1"	"0"	"0"	"0"	"0"	"0"	"0"	"0"	"0"	"0"	"0"	"0"	"1"	"1"	"0"	"0"	"0"	"0"	"0"	"0"	"1"	"1"	"0"	"0"	"4"	"1"	"5"	"2"	"1"	"1"	"1"	"0.288"\t"TITLE"\t"O"
"Österreichische"	"_"	"_"	"_"	"Mediathek"	"_"	"_"	"0"	"0"	"0"	"0"	"0"	"0"	"0"	"0"	"0"	"0"	"0.148"	"0"	"0"	"0"	"0"	"0"	"0"	"0"	"0"	"0"	"0"	"0"	"0"	"0"	"0"	"0"	"0"	"0"	"0"	"0"	"0"	"0"	"0"	"0"	"0"	"0"	"0"	"0"	"1"	"0"	"0"	"1"	"1"	"0"	"1"	"1"	"0"	"15"	"1"	"1"	"1"	"17"	"1"	"1"	"-0.693"\t"PUB"\t"B-ORG"
"Mediathek"	"_"	"_"	"Österreichische"	"_"	"_"	"_"	"0"	"0"	"0"	"0"	"0"	"0"	"0"	"0"	"0"	"0.672"	"0"	"0.148"	"0.000"	"0"	"0"	"0"	"0"	"0"	"0"	"0"	"0"	"0"	"0"	"0"	"0"	"0"	"0"	"0"	"0"	"0"	"0"	"0"	"0"	"0"	"0"	"1"	"0"	"0"	"0"	"0"	"0"	"1"	"0"	"1"	"1"	"0"	"0"	"9"	"1"	"1"	"15"	"1"	"1"	"1"	"-0.693"\t"PUB"\t"I-ORG"
"Moderne"	"_"	"_"	"_"	"Musikformen"	"-"	"Jazz"	"0"	"0"	"0"	"0.516"	"0"	"0"	"0"	"0"	"0"	"3.739"	"0.148"	"0"	"0.000"	"0"	"0.000"	"0"	"0"	"0"	"0"	"0"	"0"	"0"	"0"	"0"	"0"	"0"	"0"	"1"	"0"	"0"	"0"	"0"	"0"	"0"	"0"	"1"	"0"	"0"	"1"	"0"	"0"	"1"	"1"	"0"	"1"	"1"	"0"	"7"	"1"	"1"	"1"	"11"	"1"	"4"	"0.405"\t"SUBJECT"\t"O"
"Musikformen"	"_"	"_"	"Moderne"	"-"	"Jazz"	"_"	"0"	"0"	"0"	"0"	"0.516"	"0"	"0"	"0"	"0"	"0"	"3.739"	"6.695"	"0.000"	"0.000"	"0"	"0"	"0"	"0"	"0"	"0"	"0"	"0"	"0"	"0"	"0"	"0"	"0"	"0"	"0"	"1"	"0"	"0"	"0"	"0"	"0"	"1"	"0"	"1"	"0"	"1"	"0"	"1"	"0"	"1"	"0"	"0"	"0"	"11"	"1"	"1"	"7"	"1"	"4"	"1"	"0.405"\t"SUBJECT"\t"O"
"-"	"_"	"Moderne"	"Musikformen"	"Jazz"	"_"	"_"	"0"	"0"	"0.389737337883003"	"0"	"0"	"0.516"	"0"	"0"	"0"	"6.695"	"0"	"5.039"	"0"	"0.000"	"0.000"	"0"	"0"	"0"	"0"	"0"	"0"	"0"	"1"	"0"	"0"	"0"	"1"	"0"	"1"	"0"	"0"	"0"	"0"	"0"	"0"	"0"	"1"	"1"	"1"	"0"	"1"	"0"	"0"	"0"	"1"	"0"	"0"	"1"	"1"	"7"	"11"	"4"	"1"	"1"	"0.405"\t"SUBJECT"\t"O"
"Jazz"	"Moderne"	"Musikformen"	"-"	"_"	"_"	"_"	"0.390"	"0"	"0.390"	"0.516"	"0"	"0"	"0"	"0"	"0"	"5.039"	"6.695"	"0.148"	"0.000"	"0"	"0"	"0"	"0"	"0"	"0"	"1"	"0"	"0"	"0"	"1"	"0"	"0"	"0"	"0"	"0"	"0"	"0"	"0"	"0"	"0"	"0"	"1"	"1"	"0"	"0"	"0"	"0"	"0"	"1"	"1"	"1"	"0"	"0"	"4"	"7"	"11"	"1"	"1"	"1"	"1"	"0.405"\t"SUBJECT"\t"O"
"Waller"	"_"	"_"	"_"	","	""	"Thomas"	"1.550"	"0"	"0"	"4.678"	"0"	"0"	"0"	"0"	"0"	"1.124"	"0.148"	"0"	"0.000"	"0"	"0"	"1"	"0"	"0"	"0"	"1"	"0"	"0"	"0"	"0"	"0"	"0"	"0"	"0"	"0"	"0"	"0"	"0"	"0"	"0"	"0"	"1"	"0"	"0"	"0"	"1"	"0"	"1"	"1"	"1"	"1"	"1"	"0"	"6"	"1"	"1"	"1"	"9"	"8"	"14"	"0.693"\t"CREATOR"\t"B-PER"
","	"_"	"_"	"Waller"	""	"Thomas"	"Wright"	"0"	"1.550"	"0"	"0"	"4.678"	"0"	"0"	"0"	"0"	"2.112"	"1.124"	"0"	"0"	"0.000"	"0"	"0"	"0"	"1"	"0"	"0"	"0"	"1"	"0"	"0"	"0"	"0"	"0"	"0"	"0"	"0"	"0"	"0"	"0"	"0"	"0"	"0"	"0"	"1"	"1"	"1"	"1"	"1"	"0"	"1"	"0"	"0"	"0"	"1"	"1"	"1"	"6"	"8"	"14"	"14"	"0.693"\t"CREATOR"\t"I-PER"
"Wright"	","	""	"Thomas"	"_"	"_"	"_"	"3.250"	"0"	"0"	"6.662"	"0"	"0"	"0"	"0"	"0"	"3.178"	"0"	"0.148"	"0.000"	"0"	"0"	"1"	"0"	"0"	"0"	"1"	"0"	"0"	"0"	"0"	"0"	"0"	"0"	"0"	"0"	"0"	"0"	"0"	"0"	"0"	"0"	"1"	"1"	"1"	"0"	"0"	"0"	"1"	"0"	"1"	"1"	"0"	"0"	"6"	"1"	"8"	"14"	"1"	"1"	"1"	"0.693"\t"CREATOR"\t"I-PER"
"His"	"_"	"_"	"_"	"Masters"	"Voice"	"_"	"0.128"	"0"	"0"	"1.551"	"0"	"0"	"0"	"0"	"0"	"4.578"	"0.148"	"0"	"0.000"	"0"	"0"	"0"	"0"	"0"	"0"	"0"	"0"	"0"	"0"	"0"	"0"	"0"	"0"	"0"	"0"	"0"	"0"	"0"	"0"	"0"	"0"	"1"	"0"	"0"	"1"	"1"	"0"	"1"	"1"	"0"	"0"	"1"	"0"	"3"	"1"	"1"	"1"	"15"	"13"	"1"	"1.099"\t"CREATOR"\t"B-ORG"
"Masters"	"_"	"_"	"His"	"Voice"	"_"	"_"	"0.981"	"0.128"	"0"	"4.163"	"1.551"	"0"	"0"	"0"	"0"	"3.058"	"4.578"	"0"	"0.000"	"0.000"	"0"	"1"	"0"	"0"	"0"	"1"	"0"	"0"	"0"	"0"	"0"	"0"	"0"	"0"	"0"	"0"	"0"	"0"	"0"	"0"	"0"	"1"	"0"	"1"	"1"	"0"	"0"	"1"	"0"	"0"	"1"	"0"	"0"	"7"	"1"	"1"	"3"	"13"	"1"	"1"	"1.099"\t"CREATOR"\t"I-ORG"
"Voice"	"_"	"His"	"Masters"	"_"	"_"	"_"	"0.033"	"0.981"	"0"	"0.754"	"4.163"	"0"	"0"	"0"	"0"	"3.255"	"3.058"	"0.148"	"0.000"	"0.000"	"0"	"0"	"0"	"1"	"0"	"1"	"0"	"1"	"0"	"1"	"0"	"0"	"0"	"0"	"0"	"0"	"0"	"0"	"0"	"0"	"0"	"1"	"1"	"1"	"0"	"0"	"0"	"0"	"0"	"1"	"1"	"0"	"0"	"5"	"1"	"3"	"7"	"1"	"1"	"1"	"1.099"\t"CREATOR"\t"I-ORG"
"Multiculturalism"	"_"	"_"	"_"	","	"globalization"	","	"0"	"0"	"0"	"0"	"0"	"0"	"0"	"0"	"0"	"1.885"	"0.148"	"2.112"	"0.000"	"0"	"0"	"0"	"0"	"0"	"0"	"1"	"0"	"0"	"0"	"0"	"0"	"0"	"0"	"0"	"0"	"0"	"0"	"0"	"0"	"0"	"0"	"1"	"0"	"0"	"0"	"0"	"0"	"1"	"1"	"1"	"0"	"1"	"0"	"16"	"1"	"1"	"1"	"1"	"13"	"1"	"-2.485"\t"TITLE"\t"O"
","	"_"	"_"	"Multiculturalism"	"globalization"	","	"and"	"0"	"0"	"0"	"0"	"0"	"0"	"0"	"0"	"0"	"2.112"	"1.885"	"0.215"	"0"	"0.000"	"0"	"0"	"0"	"0"	"0"	"0"	"0"	"1"	"1"	"0"	"0"	"0"	"0"	"0"	"0"	"0"	"0"	"0"	"0"	"0"	"0"	"0"	"0"	"1"	"0"	"0"	"1"	"1"	"0"	"0"	"1"	"0"	"0"	"1"	"1"	"1"	"16"	"13"	"1"	"3"	"-2.485"\t"TITLE"\t"O"
"globalization"	"_"	"Multiculturalism"	","	","	"and"	"morality"	"0"	"0"	"0"	"0"	"0"	"0"	"0"	"0"	"0"	"0.215"	"2.112"	"2.112"	"0"	"0"	"0"	"0"	"0"	"0"	"0"	"1"	"1"	"0"	"0"	"0"	"0"	"0"	"0"	"0"	"0"	"0"	"0"	"0"	"0"	"0"	"0"	"0"	"1"	"0"	"0"	"0"	"0"	"0"	"1"	"1"	"0"	"0"	"0"	"13"	"1"	"16"	"1"	"1"	"3"	"8"	"-2.485"\t"TITLE"\t"O"
","	"Multiculturalism"	","	"globalization"	"and"	"morality"	"of"	"0"	"0"	"0"	"0"	"0"	"0"	"0"	"0"	"0"	"2.112"	"0.215"	"9.638"	"0"	"0"	"0"	"0"	"0"	"0"	"0"	"0"	"0"	"1"	"0"	"0"	"0"	"0"	"0"	"0"	"0"	"0"	"0"	"0"	"0"	"0"	"0"	"0"	"0"	"0"	"0"	"0"	"1"	"1"	"0"	"0"	"0"	"0"	"0"	"1"	"16"	"1"	"13"	"3"	"8"	"2"	"-2.485"\t"TITLE"\t"O"
"and"	","	"globalization"	","	"morality"	"of"	"economics"	"0"	"0"	"0"	"0"	"0"	"0"	"0"	"0"	"0"	"9.638"	"2.112"	"0"	"0"	"0"	"0"	"0"	"0"	"0"	"0"	"0"	"1"	"0"	"1"	"0"	"0"	"0"	"0"	"0"	"0"	"0"	"0"	"0"	"0"	"0"	"0"	"0"	"0"	"0"	"0"	"0"	"0"	"0"	"1"	"0"	"0"	"0"	"0"	"3"	"1"	"13"	"1"	"8"	"2"	"9"	"-2.485"\t"TITLE"\t"O"
"morality"	"globalization"	","	"and"	"of"	"economics"	"as"	"0"	"0"	"0"	"0"	"0"	"0"	"0"	"0"	"0"	"0"	"9.638"	"10.233"	"0"	"0"	"0"	"0"	"0"	"0"	"0"	"1"	"0"	"0"	"0"	"0"	"0"	"0"	"0"	"0"	"0"	"0"	"0"	"0"	"0"	"0"	"0"	"0"	"0"	"0"	"0"	"0"	"0"	"1"	"0"	"0"	"0"	"0"	"0"	"8"	"13"	"1"	"3"	"2"	"9"	"2"	"-2.485"\t"TITLE"\t"O"
"of"	","	"and"	"morality"	"economics"	"as"	"a"	"0"	"0"	"0"	"0"	"0"	"0"	"0"	"0"	"0"	"10.233"	"0"	"2.459"	"0"	"0"	"0"	"0"	"0"	"0"	"0"	"0"	"0"	"1"	"1"	"0"	"0"	"0"	"0"	"0"	"0"	"0"	"0"	"0"	"0"	"0"	"0"	"0"	"0"	"0"	"0"	"0"	"0"	"0"	"0"	"0"	"0"	"0"	"0"	"2"	"1"	"3"	"8"	"9"	"2"	"1"	"-2.485"\t"TITLE"\t"O"
"economics"	"and"	"morality"	"of"	"as"	"a"	"social"	"0"	"0"	"0"	"0"	"0"	"0"	"0"	"0"	"0"	"2.459"	"10.233"	"3.939"	"0"	"0"	"0"	"0"	"0"	"0"	"0"	"1"	"1"	"0"	"1"	"0"	"0"	"0"	"0"	"0"	"0"	"0"	"0"	"0"	"0"	"0"	"1"	"0"	"0"	"0"	"0"	"0"	"0"	"0"	"0"	"0"	"0"	"0"	"0"	"9"	"3"	"8"	"2"	"2"	"1"	"6"	"-2.485"\t"TITLE"\t"O"
"as"	"morality"	"of"	"economics"	"a"	"social"	"science"	"0"	"0"	"0"	"0"	"0"	"0"	"0"	"0"	"0.239"	"3.939"	"2.459"	"6.830"	"0"	"0"	"0"	"0"	"0"	"0"	"0"	"1"	"0"	"1"	"1"	"0"	"0"	"0"	"0"	"0"	"0"	"0"	"0"	"1"	"0"	"0"	"0"	"0"	"0"	"0"	"0"	"0"	"0"	"0"	"0"	"0"	"0"	"0"	"0"	"2"	"8"	"2"	"9"	"1"	"6"	"7"	"-2.485"\t"TITLE"\t"O"
"a"	"of"	"economics"	"as"	"social"	"science"	"_"	"0"	"0"	"0"	"0"	"0"	"0"	"0.239"	"0"	"0"	"6.830"	"3.939"	"4.604"	"0"	"0"	"0"	"0"	"0"	"0"	"0"	"1"	"1"	"1"	"1"	"0"	"0"	"0"	"0"	"0"	"0"	"0"	"1"	"0"	"0"	"1"	"0"	"0"	"0"	"0"	"0"	"0"	"0"	"0"	"0"	"0"	"0"	"0"	"0"	"1"	"2"	"9"	"2"	"6"	"7"	"1"	"-2.485"\t"TITLE"\t"O"
"social"	"economics"	"as"	"a"	"science"	"_"	"_"	"0"	"0"	"0"	"0"	"0"	"0"	"0"	"0.239"	"0"	"4.604"	"6.830"	"4.086"	"0"	"0"	"0"	"0"	"0"	"0"	"0"	"1"	"1"	"1"	"1"	"0"	"0"	"0"	"0"	"1"	"0"	"0"	"0"	"0"	"1"	"0"	"0"	"0"	"0"	"0"	"0"	"0"	"0"	"0"	"0"	"0"	"1"	"0"	"0"	"6"	"9"	"2"	"1"	"7"	"1"	"1"	"-2.485"\t"TITLE"\t"O"
"science"	"as"	"a"	"social"	"_"	"_"	"_"	"0"	"0"	"0"	"0"	"0"	"0"	"0"	"0"	"0"	"4.086"	"4.604"	"0.148"	"0"	"0"	"0"	"0"	"0"	"0"	"0"	"1"	"1"	"1"	"0"	"0"	"0"	"0"	"0"	"0"	"0"	"1"	"0"	"0"	"0"	"0"	"0"	"0"	"0"	"0"	"0"	"0"	"0"	"0"	"0"	"1"	"1"	"0"	"0"	"7"	"2"	"1"	"6"	"1"	"1"	"1"	"-2.485"\t"TITLE"\t"O"
"Malović"	"_"	"_"	"_"	"Marko"	"_"	"_"	"0"	"0"	"0"	"0"	"0"	"0"	"0"	"0"	"0"	"0"	"0.148"	"0"	"0"	"0"	"0"	"0"	"0"	"0"	"0"	"0"	"0"	"0"	"0"	"0"	"0"	"0"	"0"	"0"	"0"	"0"	"0"	"0"	"0"	"0"	"0"	"1"	"0"	"0"	"1"	"0"	"0"	"1"	"1"	"0"	"1"	"1"	"0"	"7"	"1"	"1"	"1"	"13"	"1"	"1"	"0.693"\t"CREATOR"\t"B-PER"
"Marko"	"_"	"_"	"Malović"	"_"	"_"	"_"	"3.611"	"0"	"0"	"2.896"	"0"	"0"	"0"	"0"	"0"	"0.712"	"0"	"0.148"	"0.000"	"0"	"0"	"0"	"0"	"0"	"0"	"0"	"0"	"0"	"0"	"0"	"0"	"0"	"0"	"0"	"0"	"0"	"0"	"0"	"0"	"0"	"0"	"1"	"0"	"1"	"0"	"0"	"0"	"1"	"0"	"1"	"1"	"0"	"0"	"5"	"1"	"1"	"7"	"1"	"1"	"1"	"0.693"\t"CREATOR"\t"I-PER"
"["	"_"	"_"	"_"	"Letter"	"from"	"John"	"0"	"0"	"0"	"0"	"0"	"1.278"	"0"	"0"	"0"	"0.148"	"0.148"	"1.797"	"0"	"0"	"0.000"	"0"	"0"	"0"	"0"	"0"	"0"	"0"	"1"	"0"	"0"	"0"	"1"	"0"	"0"	"0"	"0"	"0"	"0"	"0"	"0"	"0"	"0"	"0"	"1"	"0"	"1"	"1"	"1"	"0"	"0"	"1"	"0"	"1"	"1"	"1"	"1"	"6"	"4"	"12"	"-0.724"\t"TITLE"\t"O"
"Letter"	"_"	"_"	"["	"from"	"John"	"O"	"0"	"0"	"0"	"1.278"	"0"	"0"	"0"	"0"	"0"	"1.797"	"0.148"	"4.331"	"0.000"	"0"	"0"	"0"	"0"	"0"	"0"	"1"	"0"	"0"	"0"	"1"	"0"	"0"	"0"	"0"	"0"	"0"	"0"	"0"	"0"	"0"	"0"	"1"	"0"	"0"	"0"	"1"	"0"	"1"	"1"	"0"	"0"	"0"	"0"	"6"	"1"	"1"	"1"	"4"	"12"	"1"	"-0.724"\t"TITLE"\t"O"
"from"	"_"	"["	"Letter"	"John"	"O"	"'Donovan"	"0"	"0"	"0"	"0"	"1.278"	"0"	"0"	"0"	"0"	"4.331"	"1.797"	"0"	"0"	"0.000"	"0"	"0"	"0"	"0"	"0"	"0"	"0"	"1"	"0"	"0"	"0"	"1"	"0"	"0"	"0"	"0"	"0"	"0"	"0"	"0"	"0"	"0"	"0"	"1"	"1"	"1"	"0"	"1"	"0"	"0"	"1"	"0"	"0"	"4"	"1"	"1"	"6"	"12"	"1"	"16"	"-0.724"\t"TITLE"\t"O"
"John"	"["	"Letter"	"from"	"O"	"'Donovan"	"("	"8.708"	"0"	"0"	"5.426"	"0"	"0"	"0"	"0"	"0"	"5.568"	"4.331"	"3.223"	"0.000"	"0"	"0.000"	"0"	"0"	"0"	"0"	"1"	"1"	"0"	"1"	"0"	"1"	"0"	"0"	"0"	"0"	"0"	"0"	"0"	"0"	"0"	"0"	"1"	"1"	"0"	"1"	"0"	"0"	"0"	"0"	"1"	"0"	"0"	"0"	"4"	"1"	"6"	"4"	"1"	"16"	"1"	"-0.724"\t"TITLE"\t"B-PER"
"O"	"Letter"	"from"	"John"	"'Donovan"	"("	"8"	"0"	"8.708"	"0"	"0"	"5.426"	"0"	"0"	"0"	"0"	"3.223"	"5.568"	"0"	"0.000"	"0.000"	"0"	"0"	"0"	"0"	"0"	"1"	"0"	"1"	"0"	"0"	"0"	"0"	"0"	"0"	"0"	"0"	"0"	"0"	"0"	"0"	"0"	"1"	"0"	"1"	"0"	"0"	"1"	"0"	"0"	"0"	"1"	"0"	"0"	"1"	"6"	"4"	"4"	"16"	"1"	"1"	"-0.724"\t"TITLE"\t"O"
"'Donovan"	"from"	"John"	"O"	"("	"8"	"Newcomen"	"0"	"0"	"0"	"0"	"0"	"0"	"0"	"0"	"0"	"0"	"3.223"	"0"	"0"	"0.000"	"0"	"0"	"0"	"0"	"0"	"0"	"1"	"1"	"0"	"0"	"0"	"0"	"0"	"0"	"0"	"0"	"0"	"0"	"0"	"0"	"0"	"0"	"1"	"1"	"0"	"0"	"0"	"0"	"1"	"1"	"1"	"0"	"0"	"8"	"4"	"4"	"1"	"1"	"1"	"8"	"-0.724"\t"TITLE"\t"I-PER"
"("	"John"	"O"	"'Donovan"	"8"	"Newcomen"	"Place"	"0"	"0"	"0"	"0"	"0"	"0"	"0"	"0"	"0"	"0"	"0"	"0"	"0"	"0"	"0"	"0"	"0"	"0"	"0"	"0"	"1"	"0"	"1"	"0"	"0"	"0"	"0"	"0"	"0"	"0"	"1"	"0"	"0"	"0"	"0"	"0"	"1"	"0"	"0"	"1"	"1"	"1"	"0"	"1"	"0"	"0"	"0"	"1"	"4"	"1"	"8"	"1"	"8"	"5"	"-0.724"\t"TITLE"\t"O"
"8"	"O"	"'Donovan"	"("	"Newcomen"	"Place"	","	"0"	"0"	"0.0334757037873312"	"0"	"0"	"0.372"	"0"	"0"	"0"	"0"	"0"	"0.391"	"0"	"0"	"0.000"	"0"	"0"	"0"	"0"	"1"	"0"	"0"	"0"	"0"	"0"	"0"	"0"	"1"	"0"	"0"	"0"	"0"	"0"	"0"	"0"	"0"	"0"	"0"	"1"	"1"	"1"	"0"	"1"	"0"	"0"	"0"	"0"	"1"	"1"	"8"	"1"	"8"	"5"	"1"	"-0.724"\t"TITLE"\t"O"
"Newcomen"	"'Donovan"	"("	"8"	"Place"	","	"North"	"0.033"	"0"	"0.033"	"0.372"	"0"	"3.454"	"0"	"0"	"0"	"0.391"	"0"	"3.239"	"0.000"	"0"	"0.000"	"0"	"0"	"0"	"0"	"0"	"0"	"1"	"1"	"0"	"0"	"0"	"1"	"0"	"0"	"1"	"0"	"0"	"0"	"0"	"0"	"1"	"0"	"0"	"1"	"0"	"0"	"1"	"1"	"0"	"1"	"0"	"0"	"8"	"8"	"1"	"1"	"5"	"1"	"13"	"-0.724"\t"TITLE"\t"O"
"Place"	"("	"8"	"Newcomen"	","	"North"	"Strand"	"0.033"	"0.033"	"0.033"	"3.454"	"0.372"	"0"	"0"	"0"	"0"	"3.239"	"0.391"	"2.112"	"0.000"	"0.000"	"0"	"0"	"0"	"0"	"0"	"1"	"1"	"0"	"0"	"1"	"0"	"0"	"0"	"0"	"1"	"0"	"0"	"0"	"0"	"0"	"0"	"1"	"0"	"1"	"0"	"1"	"0"	"1"	"0"	"1"	"0"	"0"	"0"	"5"	"1"	"1"	"8"	"1"	"13"	"14"	"-0.724"\t"TITLE"\t"O"
","	"8"	"Newcomen"	"Place"	"North"	"Strand"	","	"0.033"	"0.033"	"0.033"	"0"	"3.454"	"0"	"0"	"0"	"0"	"2.112"	"3.239"	"0"	"0"	"0.000"	"0"	"0"	"0"	"0"	"0"	"0"	"0"	"1"	"0"	"0"	"0"	"1"	"0"	"0"	"0"	"0"	"0"	"0"	"0"	"0"	"0"	"0"	"1"	"1"	"1"	"1"	"1"	"0"	"0"	"0"	"0"	"0"	"0"	"1"	"1"	"8"	"5"	"13"	"14"	"1"	"-0.724"\t"TITLE"\t"O"
"North"	"Newcomen"	"Place"	","	"Strand"	","	"Dublin"	"1.528"	"0.033"	"0.033"	"4.595"	"0"	"0"	"0"	"0"	"0"	"6.784"	"2.112"	"0"	"0.000"	"0"	"0"	"1"	"0"	"0"	"0"	"1"	"1"	"0"	"0"	"0"	"1"	"0"	"0"	"1"	"0"	"0"	"0"	"1"	"0"	"0"	"0"	"1"	"1"	"0"	"1"	"0"	"0"	"0"	"1"	"0"	"1"	"0"	"0"	"5"	"8"	"5"	"1"	"14"	"1"	"14"	"-0.724"\t"TITLE"\t"B-LOC"
"Strand"	"Place"	","	"North"	","	"Dublin"	")"	"1.820"	"1.528"	"0.033"	"4.751"	"4.595"	"0"	"0"	"0"	"0"	"2.092"	"6.784"	"2.112"	"0.800"	"0.000"	"0"	"0"	"0"	"1"	"0"	"1"	"0"	"1"	"0"	"1"	"0"	"0"	"0"	"0"	"0"	"1"	"0"	"0"	"0"	"1"	"0"	"1"	"0"	"1"	"0"	"1"	"0"	"1"	"0"	"1"	"0"	"0"	"0"	"6"	"5"	"1"	"5"	"1"	"14"	"1"	"-0.724"\t"TITLE"\t"I-LOC"
","	","	"North"	"Strand"	"Dublin"	")"	"to"	"0.033"	"1.820"	"0.033"	"0"	"4.751"	"0"	"0"	"0"	"0"	"2.112"	"2.092"	"0"	"0"	"0.800"	"0"	"0"	"1"	"0"	"0"	"0"	"1"	"1"	"0"	"0"	"0"	"1"	"0"	"0"	"1"	"0"	"0"	"0"	"1"	"0"	"0"	"0"	"1"	"1"	"1"	"0"	"1"	"0"	"0"	"0"	"1"	"0"	"0"	"1"	"1"	"5"	"6"	"14"	"1"	"2"	"-0.724"\t"TITLE"\t"O"
"Dublin"	"North"	"Strand"	","	")"	"to"	"William"	"0.157"	"0.033"	"0.033"	"1.988"	"0"	"0"	"0"	"0"	"0"	"3.273"	"2.112"	"0"	"0.800"	"0"	"0"	"0"	"0"	"0"	"0"	"1"	"1"	"0"	"0"	"0"	"1"	"0"	"0"	"0"	"0"	"0"	"0"	"0"	"0"	"0"	"0"	"1"	"1"	"0"	"0"	"0"	"0"	"0"	"1"	"1"	"0"	"0"	"0"	"6"	"5"	"6"	"1"	"1"	"2"	"15"	"-0.724"\t"TITLE"\t"B-LOC"
")"	"Strand"	","	"Dublin"	"to"	"William"	"Reeves"	"0.033"	"0.157"	"0.033"	"0"	"1.988"	"0"	"0"	"0"	"0"	"0"	"3.273"	"6.541"	"0"	"0.800"	"0"	"0"	"0"	"0"	"0"	"0"	"0"	"1"	"0"	"0"	"0"	"0"	"0"	"0"	"0"	"0"	"0"	"0"	"0"	"0"	"0"	"0"	"0"	"1"	"0"	"1"	"1"	"1"	"0"	"0"	"0"	"0"	"0"	"1"	"6"	"1"	"6"	"2"	"15"	"14"	"-0.724"\t"TITLE"\t"O"
"to"	","	"Dublin"	")"	"William"	"Reeves"	"("	"0.033"	"0.033"	"0.033"	"0"	"0"	"0"	"0"	"0"	"0"	"6.541"	"0"	"0"	"0"	"0"	"0"	"0"	"0"	"0"	"0"	"0"	"1"	"0"	"0"	"0"	"0"	"0"	"0"	"0"	"0"	"0"	"0"	"0"	"0"	"0"	"0"	"0"	"1"	"0"	"1"	"1"	"0"	"0"	"1"	"0"	"0"	"0"	"0"	"2"	"1"	"6"	"1"	"15"	"14"	"1"	"-0.724"\t"TITLE"\t"O"
"William"	"Dublin"	")"	"to"	"Reeves"	"("	"11"	"8.203"	"0.033"	"0.033"	"3.279"	"0"	"0"	"0"	"0"	"0"	"4.672"	"6.541"	"0"	"0.000"	"0"	"0"	"0"	"0"	"0"	"0"	"0"	"0"	"0"	"0"	"0"	"0"	"0"	"0"	"0"	"0"	"0"	"0"	"0"	"0"	"0"	"0"	"1"	"0"	"0"	"1"	"0"	"0"	"1"	"0"	"0"	"1"	"0"	"0"	"7"	"6"	"1"	"2"	"14"	"1"	"2"	"-0.724"\t"TITLE"\t"B-PER"
"Reeves"	")"	"to"	"William"	"("	"11"	"Panton"	"1.626"	"8.203"	"0.033"	"4.790"	"3.279"	"0"	"0"	"0"	"0"	"1.354"	"4.672"	"0"	"0.000"	"0.000"	"0"	"0"	"0"	"0"	"0"	"0"	"0"	"0"	"0"	"0"	"0"	"0"	"0"	"0"	"0"	"0"	"0"	"0"	"0"	"0"	"0"	"1"	"0"	"1"	"0"	"0"	"0"	"0"	"0"	"1"	"1"	"0"	"0"	"6"	"1"	"2"	"7"	"1"	"2"	"6"	"-0.724"\t"TITLE"\t"I-PER"
"("	"to"	"William"	"Reeves"	"11"	"Panton"	"Square"	"0.033"	"1.626"	"0.033"	"0"	"4.790"	"0"	"0"	"0"	"0"	"0"	"1.354"	"0"	"0"	"0.000"	"0"	"0"	"0"	"0"	"0"	"0"	"0"	"0"	"1"	"0"	"0"	"0"	"0"	"0"	"0"	"0"	"1"	"0"	"0"	"0"	"0"	"0"	"1"	"1"	"0"	"1"	"1"	"0"	"0"	"1"	"0"	"0"	"0"	"1"	"2"	"7"	"6"	"2"	"6"	"6"	"-0.724"\t"TITLE"\t"O"
"11"	"William"	"Reeves"	"("	"Panton"	"Square"	","	"0.033"	"0.033"	"0.033"	"0"	"0"	"2.209"	"0"	"0"	"0"	"0"	"0"	"0.444"	"0"	"0"	"0.000"	"0"	"0"	"0"	"0"	"1"	"0"	"0"	"0"	"0"	"0"	"0"	"0"	"1"	"0"	"0"	"0"	"0"	"0"	"0"	"0"	"0"	"1"	"0"	"1"	"1"	"1"	"0"	"1"	"0"	"0"	"0"	"0"	"2"	"7"	"6"	"1"	"6"	"6"	"1"	"-0.724"\t"TITLE"\t"O"
"Panton"	"Reeves"	"("	"11"	"Square"	","	"Haymarket"	"0.033"	"0.033"	"0.033"	"2.209"	"0"	"0.806"	"0"	"0"	"0"	"0.444"	"0"	"3.303"	"0.000"	"0"	"0.000"	"0"	"0"	"0"	"0"	"0"	"0"	"1"	"1"	"0"	"0"	"0"	"1"	"0"	"0"	"1"	"1"	"0"	"0"	"0"	"1"	"1"	"0"	"0"	"1"	"0"	"0"	"1"	"1"	"0"	"1"	"0"	"0"	"6"	"6"	"1"	"2"	"6"	"1"	"17"	"-0.724"\t"TITLE"\t"O"
"Square"	"("	"11"	"Panton"	","	"Haymarket"	","	"0.033"	"0.033"	"0.033"	"0.806"	"2.209"	"0"	"0"	"0"	"0"	"3.303"	"0.444"	"2.112"	"0.000"	"0.000"	"0"	"0"	"0"	"0"	"0"	"1"	"1"	"0"	"0"	"1"	"0"	"0"	"0"	"1"	"1"	"0"	"0"	"1"	"0"	"0"	"0"	"1"	"0"	"1"	"0"	"1"	"0"	"1"	"0"	"1"	"0"	"0"	"0"	"6"	"1"	"2"	"6"	"1"	"17"	"1"	"-0.724"\t"TITLE"\t"O"
","	"11"	"Panton"	"Square"	"Haymarket"	","	"London"	"0.033"	"0.033"	"0.033"	"0"	"0.806"	"0"	"0"	"0"	"0"	"2.112"	"3.303"	"0"	"0"	"0.000"	"0"	"0"	"0"	"0"	"0"	"0"	"0"	"1"	"0"	"0"	"0"	"1"	"0"	"0"	"0"	"1"	"0"	"0"	"0"	"1"	"0"	"0"	"1"	"1"	"1"	"0"	"1"	"0"	"0"	"0"	"1"	"0"	"0"	"1"	"2"	"6"	"6"	"17"	"1"	"14"	"-0.724"\t"TITLE"\t"O"
"Haymarket"	"Panton"	"Square"	","	","	"London"	")"	"0"	"0.033"	"0.033"	"0"	"0"	"0"	"0"	"0"	"0"	"0.823"	"2.112"	"2.112"	"0.000"	"0"	"0"	"0"	"0"	"0"	"0"	"0"	"1"	"0"	"0"	"0"	"1"	"0"	"0"	"0"	"1"	"0"	"0"	"0"	"1"	"0"	"0"	"1"	"1"	"0"	"0"	"1"	"0"	"0"	"1"	"1"	"0"	"0"	"0"	"9"	"6"	"6"	"1"	"1"	"14"	"1"	"-0.724"\t"TITLE"\t"B-LOC"
","	"Square"	","	"Haymarket"	"London"	")"	","	"0.033"	"0"	"0.033"	"0"	"0"	"0"	"0"	"0"	"0"	"2.112"	"0.823"	"0"	"0"	"0.000"	"0"	"0"	"0"	"0"	"0"	"0"	"0"	"0"	"0"	"0"	"0"	"0"	"0"	"0"	"0"	"0"	"0"	"0"	"0"	"0"	"0"	"0"	"0"	"1"	"1"	"0"	"1"	"1"	"0"	"0"	"1"	"0"	"0"	"1"	"6"	"1"	"9"	"14"	"1"	"1"	"-0.724"\t"TITLE"\t"O"
"London"	","	"Haymarket"	","	")"	","	"discussing"	"1.113"	"0.033"	"0.033"	"4.216"	"0"	"0"	"0"	"0"	"0"	"5.509"	"2.112"	"0"	"0.800"	"0"	"0"	"0"	"0"	"0"	"0"	"1"	"0"	"0"	"0"	"0"	"0"	"0"	"0"	"0"	"0"	"0"	"0"	"0"	"0"	"0"	"0"	"1"	"1"	"0"	"0"	"0"	"0"	"0"	"1"	"1"	"1"	"0"	"0"	"6"	"1"	"9"	"1"	"1"	"1"	"10"	"-0.724"\t"TITLE"\t"B-LOC"
")"	"Haymarket"	","	"London"	","	"discussing"	"the"	"0.033"	"1.113"	"0.033"	"0"	"4.216"	"0"	"0"	"0"	"0"	"0"	"5.509"	"2.112"	"0"	"0.800"	"0"	"0"	"0"	"0"	"0"	"0"	"0"	"1"	"0"	"0"	"0"	"0"	"0"	"0"	"0"	"0"	"0"	"0"	"0"	"0"	"0"	"0"	"0"	"1"	"0"	"0"	"1"	"1"	"0"	"1"	"0"	"0"	"0"	"1"	"9"	"1"	"6"	"1"	"10"	"3"	"-0.724"\t"TITLE"\t"O"
","	","	"London"	")"	"discussing"	"the"	"state"	"0.033"	"0.033"	"0.033"	"0"	"0"	"0"	"0"	"0"	"0"	"2.112"	"0"	"0"	"0"	"0"	"0"	"0"	"0"	"0"	"0"	"0"	"1"	"0"	"0"	"0"	"0"	"0"	"0"	"0"	"0"	"0"	"0"	"0"	"0"	"0"	"0"	"0"	"1"	"0"	"0"	"0"	"1"	"0"	"1"	"0"	"0"	"0"	"0"	"1"	"1"	"6"	"1"	"10"	"3"	"5"	"-0.724"\t"TITLE"\t"O"
"discussing"	"London"	")"	","	"the"	"state"	"of"	"0.033"	"0.033"	"0.033"	"0"	"0"	"0"	"0"	"0"	"0"	"0"	"2.112"	"8.687"	"0"	"0"	"0"	"0"	"0"	"0"	"0"	"0"	"0"	"0"	"0"	"0"	"0"	"0"	"0"	"0"	"0"	"0"	"0"	"0"	"0"	"0"	"0"	"0"	"0"	"0"	"0"	"0"	"0"	"1"	"1"	"0"	"0"	"0"	"0"	"10"	"6"	"1"	"1"	"3"	"5"	"2"	"-0.724"\t"TITLE"\t"O"
"the"	")"	","	"discussing"	"state"	"of"	"Irish"	"0.033"	"0.033"	"0.033"	"0"	"0"	"0"	"0"	"0"	"0"	"8.687"	"0"	"2.575"	"0"	"0"	"0"	"0"	"0"	"0"	"1"	"0"	"0"	"0"	"1"	"0"	"0"	"0"	"1"	"0"	"0"	"0"	"0"	"0"	"0"	"0"	"0"	"0"	"0"	"0"	"0"	"0"	"0"	"1"	"0"	"0"	"0"	"0"	"0"	"3"	"1"	"1"	"10"	"5"	"2"	"5"	"-0.724"\t"TITLE"\t"O"
"state"	","	"discussing"	"the"	"of"	"Irish"	"manuscripts"	"0.033"	"0.033"	"0.033"	"0"	"0"	"0"	"0"	"0"	"0"	"2.575"	"8.687"	"10.233"	"0"	"0"	"0"	"1"	"0"	"0"	"0"	"1"	"0"	"0"	"0"	"1"	"0"	"0"	"0"	"0"	"0"	"0"	"0"	"0"	"0"	"0"	"0"	"0"	"0"	"0"	"0"	"1"	"0"	"0"	"0"	"0"	"0"	"0"	"0"	"5"	"1"	"10"	"3"	"2"	"5"	"11"	"-0.724"\t"TITLE"\t"O"
"of"	"discussing"	"the"	"state"	"Irish"	"manuscripts"	"in"	"0.033"	"0.033"	"0.033"	"0"	"0"	"2.871"	"0"	"0"	"0"	"10.233"	"2.575"	"4.550"	"0"	"0"	"0.000"	"0"	"0"	"1"	"0"	"0"	"0"	"1"	"1"	"0"	"0"	"1"	"0"	"0"	"0"	"0"	"1"	"0"	"0"	"0"	"0"	"0"	"0"	"0"	"1"	"0"	"0"	"0"	"0"	"0"	"0"	"0"	"0"	"2"	"10"	"3"	"5"	"5"	"11"	"2"	"-0.724"\t"TITLE"\t"O"
"Irish"	"the"	"state"	"of"	"manuscripts"	"in"	"a"	"0.033"	"0.033"	"0.033"	"2.871"	"0"	"0"	"0"	"0"	"0"	"4.550"	"10.233"	"0.823"	"0.000"	"0"	"0"	"0"	"1"	"0"	"0"	"1"	"1"	"0"	"0"	"0"	"1"	"0"	"0"	"1"	"0"	"0"	"0"	"0"	"0"	"0"	"0"	"1"	"0"	"0"	"0"	"0"	"0"	"0"	"0"	"0"	"0"	"0"	"0"	"5"	"3"	"5"	"2"	"11"	"2"	"1"	"-0.724"\t"TITLE"\t"O"
"manuscripts"	"state"	"of"	"Irish"	"in"	"a"	"number"	"0.033"	"0.033"	"0.033"	"0"	"2.871"	"0"	"0"	"0"	"0.003"	"0.823"	"4.550"	"8.333"	"0"	"0.000"	"0"	"0"	"0"	"0"	"0"	"0"	"0"	"1"	"1"	"0"	"0"	"0"	"0"	"0"	"0"	"1"	"1"	"0"	"0"	"0"	"1"	"0"	"0"	"1"	"0"	"0"	"0"	"0"	"0"	"0"	"0"	"0"	"0"	"11"	"5"	"2"	"5"	"2"	"1"	"6"	"-0.724"\t"TITLE"\t"O"
"in"	"of"	"Irish"	"manuscripts"	"a"	"number"	"of"	"0.033"	"0.033"	"0.033"	"0"	"0"	"0"	"0.003"	"0"	"0.239"	"8.333"	"0.823"	"6.830"	"0"	"0"	"0"	"0"	"0"	"0"	"0"	"1"	"1"	"0"	"1"	"0"	"0"	"0"	"0"	"1"	"1"	"0"	"0"	"1"	"0"	"0"	"0"	"0"	"1"	"0"	"0"	"0"	"0"	"0"	"0"	"0"	"0"	"0"	"0"	"2"	"2"	"5"	"11"	"1"	"6"	"2"	"-0.724"\t"TITLE"\t"O"
"a"	"Irish"	"manuscripts"	"in"	"number"	"of"	"British"	"0.033"	"0.033"	"0.033"	"0"	"0"	"0"	"0.239"	"0.003"	"0"	"6.830"	"8.333"	"0.391"	"0"	"0"	"0"	"0"	"0"	"0"	"0"	"1"	"0"	"1"	"1"	"0"	"0"	"0"	"1"	"0"	"0"	"1"	"0"	"0"	"0"	"1"	"0"	"0"	"0"	"0"	"0"	"0"	"0"	"0"	"0"	"0"	"0"	"0"	"0"	"1"	"5"	"11"	"2"	"6"	"2"	"7"	"-0.724"\t"TITLE"\t"O"
"number"	"manuscripts"	"in"	"a"	"of"	"British"	"archives"	"0.033"	"0.033"	"0.033"	"0"	"0"	"0"	"0"	"0.239"	"0"	"0.391"	"6.830"	"10.233"	"0"	"0"	"0"	"0"	"0"	"0"	"0"	"1"	"1"	"1"	"0"	"1"	"0"	"0"	"0"	"0"	"1"	"0"	"0"	"0"	"1"	"0"	"0"	"0"	"0"	"0"	"0"	"1"	"0"	"0"	"0"	"0"	"0"	"0"	"0"	"6"	"11"	"2"	"1"	"2"	"7"	"8"	"-0.724"\t"TITLE"\t"O"
"of"	"in"	"a"	"number"	"British"	"archives"	"and"	"0.033"	"0.033"	"0.033"	"0"	"0"	"0"	"0"	"0"	"0"	"10.233"	"0.391"	"6.580"	"0"	"0"	"0.000"	"0"	"0"	"0"	"0"	"0"	"1"	"1"	"1"	"0"	"0"	"1"	"0"	"0"	"0"	"0"	"1"	"0"	"0"	"0"	"0"	"0"	"0"	"0"	"1"	"0"	"0"	"0"	"0"	"0"	"0"	"0"	"0"	"2"	"2"	"1"	"6"	"7"	"8"	"3"	"-0.724"\t"TITLE"\t"O"
"British"	"a"	"number"	"of"	"archives"	"and"	"their"	"0.033"	"0.033"	"0.033"	"0"	"0"	"0"	"0"	"0"	"0"	"6.580"	"10.233"	"3.123"	"0.000"	"0"	"0"	"0"	"0"	"0"	"0"	"1"	"1"	"0"	"1"	"0"	"1"	"0"	"0"	"1"	"0"	"0"	"0"	"0"	"0"	"0"	"0"	"1"	"0"	"0"	"0"	"0"	"0"	"0"	"0"	"0"	"0"	"0"	"0"	"7"	"1"	"6"	"2"	"8"	"3"	"5"	"-0.724"\t"TITLE"\t"O"
"archives"	"number"	"of"	"British"	"and"	"their"	"interpretation"	"0.033"	"0.033"	"0.033"	"0"	"0"	"0"	"0"	"0"	"0"	"3.123"	"6.580"	"9.638"	"0"	"0.000"	"0"	"0"	"0"	"0"	"0"	"1"	"0"	"1"	"0"	"0"	"0"	"0"	"0"	"0"	"0"	"1"	"0"	"0"	"0"	"0"	"0"	"0"	"0"	"1"	"0"	"0"	"0"	"0"	"0"	"0"	"0"	"0"	"0"	"8"	"6"	"2"	"7"	"3"	"5"	"14"	"-0.724"\t"TITLE"\t"O"
"and"	"of"	"British"	"archives"	"their"	"interpretation"	"to"	"0.033"	"0.033"	"0.033"	"0"	"0"	"0"	"0"	"0"	"0"	"9.638"	"3.123"	"2.812"	"0"	"0"	"0"	"0"	"0"	"0"	"0"	"0"	"1"	"1"	"0"	"0"	"0"	"0"	"0"	"0"	"1"	"0"	"0"	"0"	"0"	"0"	"0"	"0"	"1"	"0"	"0"	"0"	"0"	"0"	"0"	"0"	"0"	"0"	"0"	"3"	"2"	"7"	"8"	"5"	"14"	"2"	"-0.724"\t"TITLE"\t"O"
"their"	"British"	"archives"	"and"	"interpretation"	"to"	"date"	"0.033"	"0.033"	"0.033"	"0"	"0"	"0"	"0"	"0"	"0"	"2.812"	"9.638"	"0.277"	"0"	"0"	"0"	"0"	"0"	"0"	"0"	"0"	"1"	"0"	"1"	"0"	"0"	"0"	"0"	"0"	"0"	"0"	"0"	"0"	"0"	"0"	"0"	"0"	"0"	"0"	"0"	"0"	"0"	"0"	"0"	"0"	"0"	"0"	"0"	"5"	"7"	"8"	"3"	"14"	"2"	"4"	"-0.724"\t"TITLE"\t"O"
"interpretation"	"archives"	"and"	"their"	"to"	"date"	"."	"0.033"	"0.033"	"0.033"	"0"	"0"	"0"	"0"	"0"	"0"	"0.277"	"2.812"	"6.541"	"0"	"0"	"0"	"0"	"0"	"0"	"0"	"1"	"0"	"0"	"0"	"0"	"0"	"0"	"0"	"0"	"0"	"0"	"0"	"0"	"0"	"0"	"0"	"0"	"0"	"0"	"0"	"0"	"0"	"0"	"0"	"0"	"0"	"0"	"0"	"14"	"8"	"3"	"5"	"2"	"4"	"1"	"-0.724"\t"TITLE"\t"O"
"to"	"and"	"their"	"interpretation"	"date"	"."	"]"	"0.033"	"0.033"	"0.033"	"0"	"0"	"0"	"0"	"0"	"0"	"6.541"	"0.277"	"0.277"	"0"	"0"	"0"	"0"	"0"	"0"	"0"	"0"	"0"	"1"	"1"	"0"	"0"	"0"	"1"	"0"	"0"	"0"	"0"	"0"	"0"	"0"	"0"	"0"	"0"	"0"	"0"	"0"	"0"	"0"	"0"	"0"	"1"	"0"	"0"	"2"	"3"	"5"	"14"	"4"	"1"	"1"	"-0.724"\t"TITLE"\t"O"
"date"	"their"	"interpretation"	"to"	"."	"]"	"_"	"0.033"	"0.033"	"0.033"	"0"	"0"	"0"	"0"	"0"	"0"	"0.277"	"6.541"	"2.366"	"0"	"0"	"0"	"0"	"0"	"0"	"0"	"1"	"1"	"0"	"0"	"1"	"0"	"0"	"0"	"0"	"0"	"0"	"0"	"0"	"0"	"0"	"0"	"0"	"0"	"0"	"0"	"0"	"0"	"0"	"0"	"1"	"1"	"0"	"0"	"4"	"5"	"14"	"2"	"1"	"1"	"1"	"-0.724"\t"TITLE"\t"O"
"."	"interpretation"	"to"	"date"	"]"	"_"	"_"	"0.033"	"0.033"	"0.033"	"0"	"0"	"0"	"0"	"0"	"0"	"2.366"	"0.277"	"0.148"	"0"	"0"	"0"	"0"	"0"	"0"	"0"	"0"	"0"	"1"	"0"	"0"	"0"	"1"	"0"	"0"	"0"	"0"	"0"	"0"	"0"	"0"	"0"	"0"	"0"	"0"	"0"	"0"	"1"	"0"	"0"	"1"	"1"	"0"	"0"	"1"	"14"	"2"	"4"	"1"	"1"	"1"	"-0.724"\t"TITLE"\t"O"
"]"	"to"	"date"	"."	"_"	"_"	"_"	"0.033"	"0.033"	"0.033"	"0"	"0"	"0"	"0"	"0"	"0"	"0.148"	"2.366"	"0.148"	"0"	"0"	"0"	"0"	"0"	"0"	"0"	"0"	"1"	"0"	"0"	"0"	"1"	"0"	"0"	"0"	"0"	"0"	"0"	"0"	"0"	"0"	"0"	"0"	"0"	"0"	"0"	"0"	"1"	"0"	"1"	"1"	"1"	"0"	"0"	"1"	"2"	"4"	"1"	"1"	"1"	"1"	"-0.724"\t"TITLE"\t"O"
"Annals"	"_"	"_"	"_"	"of"	"Ulster"	"_"	"0"	"0"	"0"	"0.203"	"0"	"0"	"0"	"0"	"0"	"0.148"	"0.148"	"10.233"	"0.000"	"0"	"0"	"0"	"0"	"0"	"0"	"1"	"0"	"0"	"0"	"0"	"0"	"0"	"0"	"0"	"0"	"0"	"0"	"0"	"0"	"0"	"0"	"1"	"0"	"0"	"0"	"1"	"0"	"1"	"1"	"0"	"0"	"1"	"0"	"6"	"1"	"1"	"1"	"2"	"6"	"1"	"0.000"\t"SUBJECT"\t"O"
"of"	"_"	"_"	"Annals"	"Ulster"	"_"	"_"	"0"	"0"	"0.0334757037873312"	"0"	"0.203"	"0.107"	"0"	"0"	"0"	"10.233"	"0.148"	"2.569"	"0"	"0.000"	"1.000"	"0"	"0"	"0"	"1"	"0"	"0"	"1"	"1"	"0"	"0"	"0"	"0"	"0"	"0"	"0"	"0"	"0"	"0"	"0"	"0"	"0"	"0"	"1"	"1"	"0"	"0"	"1"	"0"	"0"	"1"	"0"	"0"	"2"	"1"	"1"	"6"	"6"	"1"	"1"	"0.000"\t"SUBJECT"\t"O"
"Ulster"	"_"	"Annals"	"of"	"_"	"_"	"_"	"0.033"	"0"	"0.033"	"0.107"	"0"	"0"	"0"	"0"	"0"	"2.569"	"10.233"	"0.148"	"1.000"	"0"	"0"	"1"	"0"	"0"	"0"	"1"	"1"	"0"	"0"	"0"	"0"	"0"	"0"	"0"	"0"	"0"	"0"	"0"	"0"	"0"	"0"	"1"	"1"	"0"	"0"	"0"	"0"	"0"	"0"	"1"	"1"	"0"	"0"	"6"	"1"	"6"	"2"	"1"	"1"	"1"	"0.000"\t"SUBJECT"\t"O"
"Bodleian"	"_"	"_"	"_"	"Library"	"--Archives"	"_"	"0"	"0"	"0"	"0"	"0"	"0"	"0"	"0"	"0"	"0.954"	"0.148"	"0"	"0.000"	"0"	"0"	"0"	"0"	"0"	"0"	"0"	"0"	"0"	"0"	"0"	"0"	"0"	"0"	"0"	"0"	"0"	"0"	"0"	"0"	"0"	"0"	"1"	"0"	"0"	"1"	"0"	"0"	"1"	"1"	"0"	"0"	"1"	"0"	"8"	"1"	"1"	"1"	"15"	"10"	"1"	"0.000"\t"SUBJECT"\t"B-ORG"
"Library"	"_"	"_"	"Bodleian"	"--Archives"	"_"	"_"	"0"	"0"	"0"	"0.107"	"0"	"0"	"0"	"0"	"0"	"7.052"	"0.954"	"0"	"0"	"0.000"	"0"	"0"	"0"	"0"	"0"	"1"	"0"	"0"	"0"	"0"	"0"	"0"	"0"	"0"	"0"	"0"	"0"	"0"	"0"	"0"	"0"	"1"	"0"	"1"	"0"	"0"	"0"	"1"	"0"	"0"	"1"	"0"	"0"	"7"	"1"	"1"	"8"	"10"	"1"	"1"	"0.000"\t"SUBJECT"\t"I-ORG"
"--Archives"	"_"	"Bodleian"	"Library"	"_"	"_"	"_"	"0"	"0"	"0"	"0"	"0.107"	"0"	"0"	"0"	"0"	"0"	"7.052"	"0.148"	"0"	"0"	"0"	"0"	"0"	"0"	"0"	"0"	"0"	"1"	"0"	"0"	"0"	"0"	"0"	"0"	"0"	"0"	"0"	"0"	"0"	"0"	"0"	"0"	"1"	"1"	"0"	"0"	"0"	"0"	"0"	"1"	"1"	"0"	"0"	"10"	"1"	"8"	"7"	"1"	"1"	"1"	"0.000"\t"SUBJECT"\t"O"
"Book"	"_"	"_"	"_"	"of"	"Howth"	"_"	"0.413"	"0"	"0"	"2.792"	"0"	"0"	"0"	"0"	"0"	"5.302"	"0.148"	"10.233"	"0.000"	"0"	"0"	"0"	"0"	"0"	"0"	"1"	"0"	"0"	"0"	"1"	"0"	"0"	"0"	"0"	"0"	"0"	"0"	"0"	"0"	"0"	"0"	"1"	"0"	"0"	"0"	"1"	"0"	"1"	"1"	"0"	"0"	"1"	"0"	"4"	"1"	"1"	"1"	"2"	"5"	"1"	"0.000"\t"SUBJECT"\t"O"
"of"	"_"	"_"	"Book"	"Howth"	"_"	"_"	"0"	"0.413"	"0"	"0"	"2.792"	"0"	"0"	"0"	"0"	"10.233"	"5.302"	"0.077"	"0"	"0.000"	"0.800"	"0"	"0"	"0"	"0"	"0"	"0"	"1"	"0"	"0"	"0"	"1"	"0"	"0"	"0"	"0"	"0"	"0"	"0"	"0"	"0"	"0"	"0"	"1"	"1"	"0"	"0"	"1"	"0"	"0"	"1"	"0"	"0"	"2"	"1"	"1"	"4"	"5"	"1"	"1"	"0.000"\t"SUBJECT"\t"O"
"Howth"	"_"	"Book"	"of"	"_"	"_"	"_"	"0"	"0"	"0"	"0"	"0"	"0"	"0"	"0"	"0"	"0.077"	"10.233"	"0.148"	"0.800"	"0"	"0"	"0"	"0"	"0"	"0"	"0"	"1"	"0"	"0"	"0"	"1"	"0"	"0"	"0"	"0"	"0"	"0"	"0"	"0"	"0"	"0"	"1"	"1"	"0"	"0"	"0"	"0"	"0"	"0"	"1"	"1"	"0"	"0"	"5"	"1"	"4"	"2"	"1"	"1"	"1"	"0.000"\t"SUBJECT"\t"O"
"Book"	"_"	"_"	"_"	"of"	"Leinster"	"_"	"0.413"	"0"	"0"	"2.792"	"0"	"0"	"0"	"0"	"0"	"5.302"	"0.148"	"10.233"	"0.000"	"0"	"0"	"0"	"0"	"0"	"0"	"1"	"0"	"0"	"0"	"1"	"0"	"0"	"0"	"0"	"0"	"0"	"0"	"0"	"0"	"0"	"0"	"1"	"0"	"0"	"0"	"1"	"0"	"1"	"1"	"0"	"0"	"1"	"0"	"4"	"1"	"1"	"1"	"2"	"8"	"1"	"0.000"\t"SUBJECT"\t"O"
"of"	"_"	"_"	"Book"	"Leinster"	"_"	"_"	"0"	"0.413"	"0.0334757037873312"	"0"	"2.792"	"0.855"	"0"	"0"	"0"	"10.233"	"5.302"	"0.630"	"0"	"0.000"	"0.000"	"0"	"0"	"0"	"0"	"0"	"0"	"1"	"0"	"0"	"0"	"1"	"0"	"0"	"0"	"0"	"0"	"0"	"0"	"0"	"0"	"0"	"0"	"1"	"1"	"0"	"0"	"1"	"0"	"0"	"1"	"0"	"0"	"2"	"1"	"1"	"4"	"8"	"1"	"1"	"0.000"\t"SUBJECT"\t"O"
"Leinster"	"_"	"Book"	"of"	"_"	"_"	"_"	"0.033"	"0"	"0.033"	"0.855"	"0"	"0"	"0"	"0"	"0"	"0.630"	"10.233"	"0.148"	"0.000"	"0"	"0"	"0"	"0"	"0"	"0"	"0"	"1"	"0"	"0"	"0"	"1"	"0"	"0"	"0"	"0"	"0"	"0"	"0"	"0"	"0"	"0"	"1"	"1"	"0"	"0"	"0"	"0"	"0"	"0"	"1"	"1"	"0"	"0"	"8"	"1"	"4"	"2"	"1"	"1"	"1"	"0.000"\t"SUBJECT"\t"O"
"Courcy"	"_"	"_"	"_"	","	""	"John"	"0"	"0"	"0"	"2.132"	"0"	"0"	"0"	"0"	"0"	"0.077"	"0.148"	"0"	"0.800"	"0"	"0"	"0"	"0"	"0"	"0"	"0"	"0"	"0"	"0"	"0"	"0"	"0"	"0"	"0"	"0"	"0"	"0"	"0"	"0"	"0"	"0"	"1"	"0"	"0"	"0"	"1"	"0"	"1"	"1"	"1"	"1"	"1"	"0"	"6"	"1"	"1"	"1"	"9"	"8"	"12"	"-0.981"\t"SUBJECT"\t"B-PER"
","	"_"	"_"	"Courcy"	""	"John"	"de"	"0"	"0"	"0"	"0"	"2.132"	"0"	"0"	"0"	"0"	"2.112"	"0.077"	"0"	"0"	"0.800"	"0"	"0"	"0"	"0"	"0"	"0"	"0"	"0"	"0"	"0"	"0"	"0"	"0"	"0"	"0"	"0"	"0"	"0"	"0"	"0"	"0"	"0"	"0"	"1"	"1"	"1"	"1"	"1"	"0"	"1"	"0"	"0"	"0"	"1"	"1"	"1"	"6"	"8"	"12"	"10"	"-0.981"\t"SUBJECT"\t"I-PER"
"de"	","	""	"John"	","	"d"	"."	"0"	"0"	"0"	"0"	"0"	"0"	"3.557"	"0"	"0"	"10.237"	"0"	"0"	"0"	"0"	"0"	"1"	"0"	"0"	"0"	"1"	"0"	"0"	"0"	"0"	"0"	"0"	"0"	"0"	"0"	"0"	"0"	"0"	"0"	"0"	"0"	"0"	"1"	"1"	"0"	"0"	"0"	"1"	"0"	"1"	"0"	"0"	"0"	"2"	"1"	"8"	"12"	"9"	"1"	"1"	"-0.981"\t"SUBJECT"\t"I-PER"
","	""	"John"	"de"	"d"	"."	"1219"	"0"	"0"	"0"	"0"	"0"	"0"	"0"	"3.557"	"0.020"	"2.112"	"10.237"	"2.506"	"0"	"0"	"0"	"0"	"0"	"1"	"0"	"0"	"0"	"1"	"1"	"0"	"0"	"0"	"0"	"0"	"0"	"0"	"1"	"0"	"0"	"0"	"0"	"0"	"1"	"0"	"0"	"0"	"1"	"0"	"0"	"0"	"1"	"0"	"0"	"1"	"8"	"12"	"2"	"1"	"1"	"4"	"-0.981"\t"SUBJECT"\t"I-PER"
"d"	"John"	"de"	","	"."	"1219"	"?"	"0"	"0"	"0"	"0"	"0"	"0"	"0.020"	"0"	"0"	"2.506"	"2.112"	"2.366"	"0"	"0"	"0"	"0"	"1"	"0"	"0"	"1"	"1"	"0"	"0"	"0"	"0"	"0"	"0"	"1"	"0"	"0"	"0"	"0"	"0"	"0"	"0"	"0"	"0"	"0"	"0"	"0"	"0"	"0"	"1"	"1"	"1"	"0"	"0"	"1"	"12"	"2"	"1"	"1"	"4"	"1"	"-0.981"\t"SUBJECT"\t"O"
"."	"de"	","	"d"	"1219"	"?"	"_"	"0"	"0"	"0"	"0"	"0"	"0"	"0"	"0.020"	"0"	"2.366"	"2.506"	"0"	"0"	"0"	"0"	"0"	"0"	"0"	"0"	"0"	"0"	"1"	"0"	"0"	"0"	"0"	"0"	"0"	"0"	"1"	"0"	"0"	"0"	"0"	"0"	"0"	"0"	"0"	"0"	"0"	"1"	"1"	"0"	"1"	"1"	"0"	"0"	"1"	"2"	"1"	"1"	"4"	"1"	"1"	"-0.981"\t"SUBJECT"\t"O"
"1219"	","	"d"	"."	"?"	"_"	"_"	"0"	"0"	"0"	"0"	"0"	"0"	"0"	"0"	"0"	"0"	"2.366"	"1.542"	"0"	"0"	"0"	"0"	"0"	"0"	"0"	"0"	"1"	"0"	"0"	"0"	"0"	"0"	"0"	"0"	"1"	"0"	"0"	"0"	"0"	"0"	"0"	"0"	"0"	"0"	"0"	"0"	"1"	"0"	"1"	"1"	"1"	"0"	"0"	"4"	"1"	"1"	"1"	"1"	"1"	"1"	"-0.981"\t"SUBJECT"\t"O"
"?"	"d"	"."	"1219"	"_"	"_"	"_"	"0"	"0"	"0"	"0"	"0"	"0"	"0"	"0"	"0"	"1.542"	"0"	"0.148"	"0"	"0"	"0"	"0"	"0"	"0"	"0"	"0"	"0"	"0"	"0"	"0"	"0"	"0"	"0"	"0"	"0"	"0"	"0"	"0"	"0"	"0"	"0"	"0"	"0"	"0"	"0"	"0"	"1"	"1"	"1"	"1"	"1"	"0"	"0"	"1"	"1"	"1"	"4"	"1"	"1"	"1"	"-0.981"\t"SUBJECT"\t"O"
"Hanmer"	"_"	"_"	"_"	","	""	"Meredith"	"0.241"	"0"	"0"	"1.725"	"0"	"0"	"0"	"0"	"0"	"0.336"	"0.148"	"0"	"0.000"	"0"	"0"	"0"	"0"	"0"	"0"	"0"	"0"	"0"	"0"	"0"	"0"	"0"	"0"	"0"	"0"	"0"	"0"	"0"	"0"	"0"	"0"	"1"	"0"	"0"	"0"	"1"	"0"	"1"	"1"	"1"	"1"	"1"	"0"	"6"	"1"	"1"	"1"	"9"	"8"	"16"	"-0.223"\t"SUBJECT"\t"B-PER"
","	"_"	"_"	"Hanmer"	""	"Meredith"	","	"0"	"0.241"	"0"	"0"	"1.725"	"0"	"0"	"0"	"0"	"2.112"	"0.336"	"0"	"0"	"0.000"	"0"	"0"	"0"	"0"	"0"	"0"	"0"	"0"	"0"	"0"	"0"	"0"	"0"	"0"	"0"	"0"	"0"	"0"	"0"	"0"	"0"	"0"	"0"	"1"	"1"	"1"	"1"	"1"	"0"	"1"	"0"	"0"	"0"	"1"	"1"	"1"	"6"	"8"	"16"	"9"	"-0.223"\t"SUBJECT"\t"I-PER"
","	","	""	"Meredith"	"1543-1604--Criticism"	","	"Textual"	"0"	"0"	"0"	"0"	"0"	"0"	"0"	"0"	"0"	"2.112"	"0"	"0"	"0"	"0"	"0"	"0"	"0"	"0"	"0"	"0"	"0"	"0"	"0"	"0"	"0"	"0"	"0"	"0"	"0"	"0"	"0"	"0"	"0"	"0"	"0"	"0"	"1"	"1"	"0"	"0"	"1"	"1"	"0"	"0"	"1"	"0"	"0"	"1"	"1"	"8"	"16"	"20"	"1"	"7"	"-0.223"\t"SUBJECT"\t"I-PER"
"1543-1604--Criticism"	""	"Meredith"	","	","	"Textual"	"_"	"0"	"0"	"0"	"0"	"0"	"0"	"0"	"0"	"0"	"0"	"2.112"	"2.112"	"0"	"0"	"0"	"0"	"0"	"0"	"0"	"0"	"0"	"0"	"0"	"0"	"0"	"0"	"0"	"0"	"0"	"0"	"0"	"0"	"0"	"0"	"0"	"0"	"1"	"0"	"0"	"1"	"0"	"0"	"1"	"1"	"0"	"0"	"0"	"20"	"8"	"16"	"1"	"1"	"7"	"1"	"-0.223"\t"SUBJECT"\t"O"
","	"Meredith"	","	"1543-1604--Criticism"	"Textual"	"_"	"_"	"0"	"0"	"0"	"0"	"0"	"0"	"0"	"0"	"0"	"2.112"	"0"	"0.891"	"0"	"0"	"0.000"	"0"	"0"	"0"	"0"	"0"	"0"	"0"	"0"	"0"	"0"	"0"	"0"	"0"	"0"	"0"	"1"	"0"	"0"	"0"	"0"	"0"	"0"	"0"	"1"	"0"	"1"	"1"	"0"	"0"	"1"	"0"	"0"	"1"	"16"	"1"	"20"	"7"	"1"	"1"	"-0.223"\t"SUBJECT"\t"O"
"Textual"	","	"1543-1604--Criticism"	","	"_"	"_"	"_"	"0"	"0"	"0"	"0"	"0"	"0"	"0"	"0"	"0"	"0.891"	"2.112"	"0.148"	"0.000"	"0"	"0"	"0"	"0"	"0"	"0"	"0"	"0"	"0"	"0"	"0"	"0"	"0"	"0"	"1"	"0"	"0"	"0"	"0"	"0"	"0"	"0"	"1"	"0"	"0"	"0"	"0"	"0"	"0"	"1"	"1"	"1"	"0"	"0"	"7"	"1"	"20"	"1"	"1"	"1"	"1"	"-0.223"\t"SUBJECT"\t"O"
"History--Sources--Publishing--"	"_"	"_"	"_"	"Ireland"	"--19th"	"century"	"0"	"0"	"0"	"0"	"0"	"0"	"0"	"0"	"0"	"0"	"0.148"	"0"	"0"	"0"	"0"	"0"	"0"	"0"	"0"	"0"	"0"	"0"	"0"	"0"	"0"	"0"	"0"	"0"	"0"	"0"	"0"	"0"	"0"	"0"	"0"	"1"	"0"	"0"	"1"	"0"	"0"	"1"	"1"	"0"	"0"	"1"	"0"	"30"	"1"	"1"	"1"	"15"	"6"	"7"	"-0.405"\t"SUBJECT"\t"O"
"Ireland"	"_"	"_"	"History--Sources--Publishing--"	"--19th"	"century"	"_"	"0.830"	"0"	"0"	"4.044"	"0"	"0"	"0"	"0"	"0"	"4.737"	"0"	"0"	"1.000"	"0"	"0"	"1"	"0"	"0"	"0"	"1"	"0"	"0"	"0"	"0"	"0"	"0"	"0"	"0"	"0"	"0"	"0"	"0"	"0"	"0"	"0"	"1"	"0"	"1"	"0"	"0"	"0"	"1"	"0"	"0"	"0"	"0"	"0"	"7"	"1"	"1"	"30"	"6"	"7"	"1"	"-0.405"\t"SUBJECT"\t"B-LOC"
"--19th"	"_"	"History--Sources--Publishing--"	"Ireland"	"century"	"_"	"_"	"0"	"0.830"	"0"	"0"	"4.044"	"0"	"0"	"0"	"0"	"0"	"4.737"	"1.070"	"0"	"1.000"	"0"	"0"	"0"	"1"	"0"	"0"	"0"	"1"	"1"	"0"	"0"	"0"	"0"	"0"	"0"	"0"	"0"	"0"	"0"	"0"	"0"	"0"	"1"	"1"	"0"	"0"	"0"	"0"	"0"	"0"	"1"	"0"	"0"	"6"	"1"	"30"	"7"	"7"	"1"	"1"	"-0.405"\t"SUBJECT"\t"O"
"century"	"History--Sources--Publishing--"	"Ireland"	"--19th"	"_"	"_"	"_"	"0"	"0"	"0"	"0"	"0"	"0"	"0"	"0"	"0"	"1.070"	"0"	"0.148"	"0"	"0"	"0"	"0"	"1"	"0"	"0"	"1"	"1"	"0"	"0"	"0"	"0"	"0"	"0"	"0"	"0"	"0"	"0"	"0"	"0"	"0"	"0"	"0"	"1"	"0"	"0"	"0"	"0"	"0"	"0"	"1"	"1"	"0"	"0"	"7"	"30"	"7"	"6"	"1"	"1"	"1"	"-0.405"\t"SUBJECT"\t"O"
"Irish"	"_"	"_"	"_"	"newspapers"	"_"	"_"	"2.558"	"0"	"0"	"2.871"	"0"	"0"	"0"	"0"	"0"	"4.550"	"0.148"	"0.215"	"0.000"	"0"	"0"	"0"	"0"	"0"	"0"	"1"	"0"	"0"	"0"	"0"	"0"	"0"	"0"	"1"	"0"	"0"	"0"	"0"	"0"	"0"	"0"	"1"	"0"	"0"	"0"	"0"	"0"	"1"	"1"	"0"	"1"	"1"	"0"	"5"	"1"	"1"	"1"	"10"	"1"	"1"	"-0.693"\t"SUBJECT"\t"O"
"newspapers"	"_"	"_"	"Irish"	"_"	"_"	"_"	"0"	"2.558"	"0"	"0"	"2.871"	"0"	"0"	"0"	"0"	"0.215"	"4.550"	"0.148"	"0"	"0.000"	"0"	"0"	"0"	"0"	"0"	"0"	"0"	"1"	"0"	"0"	"0"	"0"	"0"	"0"	"0"	"1"	"0"	"0"	"0"	"0"	"0"	"0"	"0"	"1"	"0"	"0"	"0"	"1"	"0"	"1"	"1"	"0"	"0"	"10"	"1"	"1"	"5"	"1"	"1"	"1"	"-0.693"\t"SUBJECT"\t"O"
"Lambeth"	"_"	"_"	"_"	"Palace"	"Library"	"--Archives"	"0.157"	"0"	"0"	"1.891"	"0"	"0"	"0"	"0"	"0"	"1.836"	"0.148"	"0"	"1.000"	"0"	"0"	"0"	"0"	"0"	"0"	"0"	"0"	"0"	"0"	"0"	"0"	"0"	"0"	"0"	"0"	"0"	"0"	"0"	"0"	"0"	"0"	"1"	"0"	"0"	"1"	"1"	"0"	"1"	"1"	"0"	"0"	"1"	"0"	"7"	"1"	"1"	"1"	"14"	"15"	"10"	"0.405"\t"SUBJECT"\t"B-ORG"
"Palace"	"_"	"_"	"Lambeth"	"Library"	"--Archives"	"_"	"0.033"	"0.157"	"0"	"0.642"	"1.891"	"0"	"0"	"0"	"0"	"3.188"	"1.836"	"0"	"0.000"	"1.000"	"0"	"0"	"0"	"0"	"0"	"1"	"0"	"0"	"0"	"0"	"0"	"0"	"0"	"0"	"0"	"0"	"0"	"0"	"0"	"0"	"0"	"1"	"0"	"1"	"1"	"0"	"0"	"1"	"0"	"0"	"0"	"0"	"0"	"6"	"1"	"1"	"7"	"15"	"10"	"1"	"0.405"\t"SUBJECT"\t"I-ORG"
"Library"	"_"	"Lambeth"	"Palace"	"--Archives"	"_"	"_"	"0"	"0.033"	"0"	"0.107"	"0.642"	"0"	"0"	"0"	"0"	"7.052"	"3.188"	"0"	"0"	"0.000"	"0"	"0"	"0"	"0"	"0"	"1"	"0"	"1"	"0"	"0"	"0"	"0"	"0"	"0"	"0"	"0"	"0"	"0"	"0"	"0"	"0"	"1"	"1"	"1"	"0"	"0"	"0"	"0"	"0"	"0"	"1"	"0"	"0"	"7"	"1"	"7"	"6"	"10"	"1"	"1"	"0.405"\t"SUBJECT"\t"I-ORG"
"--Archives"	"Lambeth"	"Palace"	"Library"	"_"	"_"	"_"	"0"	"0"	"0"	"0"	"0.107"	"0"	"0"	"0"	"0"	"0"	"7.052"	"0.148"	"0"	"0"	"0"	"0"	"0"	"0"	"0"	"0"	"1"	"1"	"0"	"0"	"0"	"0"	"0"	"0"	"0"	"0"	"0"	"0"	"0"	"0"	"0"	"0"	"1"	"1"	"0"	"0"	"0"	"0"	"0"	"1"	"1"	"0"	"0"	"10"	"7"	"6"	"7"	"1"	"1"	"1"	"0.405"\t"SUBJECT"\t"O"
"Learning"	"_"	"_"	"_"	"and"	"scholarship--"	"Ireland"	"0.033"	"0"	"0"	"0.642"	"0"	"0"	"0"	"0"	"0"	"5.217"	"0.148"	"9.638"	"0.000"	"0"	"0"	"0"	"0"	"0"	"0"	"1"	"0"	"0"	"0"	"0"	"0"	"0"	"0"	"0"	"0"	"0"	"0"	"0"	"0"	"0"	"0"	"1"	"0"	"0"	"0"	"0"	"0"	"1"	"1"	"0"	"0"	"1"	"0"	"8"	"1"	"1"	"1"	"3"	"13"	"15"	"-0.916"\t"SUBJECT"\t"O"
"and"	"_"	"_"	"Learning"	"scholarship--"	"Ireland"	"--19th"	"0"	"0.033"	"0"	"0"	"0.642"	"0"	"0"	"0"	"0"	"9.638"	"5.217"	"0"	"0"	"0.000"	"0"	"0"	"0"	"0"	"0"	"0"	"0"	"1"	"0"	"0"	"0"	"0"	"0"	"0"	"0"	"0"	"0"	"0"	"0"	"0"	"0"	"0"	"0"	"1"	"0"	"1"	"0"	"1"	"0"	"0"	"0"	"0"	"0"	"3"	"1"	"1"	"8"	"13"	"15"	"6"	"-0.916"\t"SUBJECT"\t"O"
"scholarship--"	"_"	"Learning"	"and"	"Ireland"	"--19th"	"century"	"0"	"0"	"0"	"0"	"0"	"0"	"0"	"0"	"0"	"0"	"9.638"	"0"	"0"	"0"	"0"	"0"	"0"	"0"	"0"	"0"	"1"	"0"	"0"	"0"	"0"	"0"	"0"	"0"	"0"	"0"	"0"	"0"	"0"	"0"	"0"	"0"	"1"	"0"	"1"	"0"	"0"	"0"	"0"	"0"	"0"	"0"	"0"	"13"	"1"	"8"	"3"	"15"	"6"	"7"	"-0.916"\t"SUBJECT"\t"O"
"Ireland"	"Learning"	"and"	"scholarship--"	"--19th"	"century"	"_"	"0.830"	"0"	"0"	"4.044"	"0"	"0"	"0"	"0"	"0"	"4.737"	"0"	"0"	"1.000"	"0"	"0"	"1"	"0"	"0"	"0"	"1"	"0"	"0"	"0"	"0"	"0"	"0"	"0"	"0"	"0"	"0"	"0"	"0"	"0"	"0"	"0"	"1"	"0"	"0"	"0"	"0"	"0"	"0"	"0"	"0"	"0"	"0"	"0"	"7"	"8"	"3"	"13"	"6"	"7"	"1"	"-0.916"\t"SUBJECT"\t"B-LOC"
"--19th"	"and"	"scholarship--"	"Ireland"	"century"	"_"	"_"	"0"	"0.830"	"0"	"0"	"4.044"	"0"	"0"	"0"	"0"	"0"	"4.737"	"1.070"	"0"	"1.000"	"0"	"0"	"0"	"1"	"0"	"0"	"0"	"1"	"1"	"0"	"0"	"0"	"0"	"0"	"0"	"0"	"0"	"0"	"0"	"0"	"0"	"0"	"0"	"1"	"0"	"0"	"0"	"0"	"0"	"0"	"1"	"0"	"0"	"6"	"3"	"13"	"7"	"7"	"1"	"1"	"-0.916"\t"SUBJECT"\t"O"
"century"	"scholarship--"	"Ireland"	"--19th"	"_"	"_"	"_"	"0"	"0"	"0"	"0"	"0"	"0"	"0"	"0"	"0"	"1.070"	"0"	"0.148"	"0"	"0"	"0"	"0"	"1"	"0"	"0"	"1"	"1"	"0"	"0"	"0"	"0"	"0"	"0"	"0"	"0"	"0"	"0"	"0"	"0"	"0"	"0"	"0"	"1"	"0"	"0"	"0"	"0"	"0"	"0"	"1"	"1"	"0"	"0"	"7"	"13"	"7"	"6"	"1"	"1"	"1"	"-0.916"\t"SUBJECT"\t"O"
"Leland"	"_"	"_"	"_"	","	""	"Thomas"	"3.478"	"0"	"0"	"3.176"	"0"	"0"	"0"	"0"	"0"	"0.787"	"0.148"	"0"	"0.000"	"0"	"0"	"0"	"0"	"0"	"0"	"0"	"0"	"0"	"0"	"0"	"0"	"0"	"0"	"0"	"0"	"0"	"0"	"0"	"0"	"0"	"0"	"1"	"0"	"0"	"0"	"1"	"0"	"1"	"1"	"1"	"1"	"1"	"0"	"6"	"1"	"1"	"1"	"9"	"8"	"14"	"-0.288"\t"SUBJECT"\t"B-PER"
","	"_"	"_"	"Leland"	""	"Thomas"	","	"0"	"3.478"	"0"	"0"	"3.176"	"0"	"0"	"0"	"0"	"2.112"	"0.787"	"0"	"0"	"0.000"	"0"	"0"	"0"	"0"	"0"	"0"	"0"	"0"	"0"	"0"	"0"	"0"	"0"	"0"	"0"	"0"	"0"	"0"	"0"	"0"	"0"	"0"	"0"	"1"	"1"	"1"	"1"	"1"	"0"	"1"	"0"	"0"	"0"	"1"	"1"	"1"	"6"	"8"	"14"	"9"	"-0.288"\t"SUBJECT"\t"I-PER"
","	","	""	"Thomas"	"1722-1785"	"_"	"_"	"0"	"0"	"0"	"0"	"0"	"0"	"0"	"0"	"0"	"2.112"	"0"	"0"	"0"	"0"	"0"	"0"	"0"	"0"	"0"	"0"	"0"	"0"	"0"	"0"	"0"	"0"	"0"	"0"	"0"	"0"	"0"	"0"	"0"	"0"	"0"	"0"	"1"	"1"	"0"	"0"	"1"	"1"	"0"	"1"	"1"	"0"	"0"	"1"	"1"	"8"	"14"	"9"	"1"	"1"	"-0.288"\t"SUBJECT"\t"I-PER"
"1722-1785"	""	"Thomas"	","	"_"	"_"	"_"	"0"	"0"	"0"	"0"	"0"	"0"	"0"	"0"	"0"	"0"	"2.112"	"0.148"	"0"	"0"	"0"	"0"	"0"	"0"	"0"	"0"	"0"	"0"	"0"	"0"	"0"	"0"	"0"	"0"	"0"	"0"	"0"	"0"	"0"	"0"	"0"	"0"	"1"	"0"	"0"	"0"	"1"	"0"	"1"	"1"	"1"	"0"	"0"	"9"	"8"	"14"	"1"	"1"	"1"	"1"	"-0.288"\t"SUBJECT"\t"O"
"Manuscripts"	"_"	"_"	"_"	","	"Irish"	"_"	"0"	"0"	"0"	"0"	"0"	"0"	"0"	"0"	"0"	"2.651"	"0.148"	"2.112"	"0.000"	"0"	"0"	"0"	"0"	"0"	"0"	"0"	"0"	"0"	"0"	"0"	"0"	"0"	"0"	"0"	"0"	"0"	"0"	"0"	"0"	"0"	"0"	"1"	"0"	"0"	"0"	"1"	"0"	"1"	"1"	"1"	"0"	"1"	"0"	"11"	"1"	"1"	"1"	"1"	"5"	"1"	"0.000"\t"SUBJECT"\t"O"
","	"_"	"_"	"Manuscripts"	"Irish"	"_"	"_"	"0"	"0"	"2.55839651231616"	"0"	"0"	"2.871"	"0"	"0"	"0"	"2.112"	"2.651"	"4.550"	"0"	"0.000"	"0.000"	"0"	"0"	"0"	"0"	"0"	"0"	"0"	"1"	"0"	"0"	"0"	"0"	"0"	"0"	"0"	"1"	"0"	"0"	"0"	"0"	"0"	"0"	"1"	"1"	"0"	"1"	"1"	"0"	"0"	"1"	"0"	"0"	"1"	"1"	"1"	"11"	"5"	"1"	"1"	"0.000"\t"SUBJECT"\t"O"
"Irish"	"_"	"Manuscripts"	","	"_"	"_"	"_"	"2.558"	"0"	"2.558"	"2.871"	"0"	"0"	"0"	"0"	"0"	"4.550"	"2.112"	"0.148"	"0.000"	"0"	"0"	"0"	"0"	"0"	"0"	"1"	"0"	"0"	"0"	"0"	"0"	"0"	"0"	"1"	"0"	"0"	"0"	"0"	"0"	"0"	"0"	"1"	"1"	"0"	"0"	"0"	"0"	"0"	"1"	"1"	"1"	"0"	"0"	"5"	"1"	"11"	"1"	"1"	"1"	"1"	"0.000"\t"SUBJECT"\t"O"
"O"	"_"	"_"	"_"	"'Conor"	","	""	"0"	"0"	"0"	"0"	"0"	"0"	"0"	"0"	"0"	"3.223"	"0.148"	"0"	"0.000"	"0"	"0"	"0"	"0"	"0"	"0"	"1"	"0"	"0"	"0"	"0"	"0"	"0"	"0"	"0"	"0"	"0"	"0"	"0"	"0"	"0"	"0"	"1"	"0"	"0"	"0"	"0"	"1"	"1"	"1"	"0"	"1"	"1"	"0"	"1"	"1"	"1"	"1"	"14"	"9"	"8"	"-0.560"\t"SUBJECT"\t"O"
"'Conor"	"_"	"_"	"O"	","	""	"Charles"	"0"	"0"	"0"	"0"	"0"	"0"	"0"	"0"	"0"	"0"	"3.223"	"0"	"0"	"0.000"	"0"	"0"	"0"	"0"	"0"	"0"	"0"	"1"	"0"	"0"	"0"	"0"	"0"	"0"	"0"	"0"	"0"	"0"	"0"	"0"	"0"	"0"	"0"	"1"	"0"	"1"	"0"	"1"	"1"	"1"	"1"	"0"	"0"	"6"	"1"	"1"	"1"	"9"	"8"	"15"	"-0.560"\t"SUBJECT"\t"B-PER"
","	"_"	"O"	"'Conor"	""	"Charles"	","	"0"	"0"	"0"	"0"	"0"	"0"	"0"	"0"	"0"	"2.112"	"0"	"0"	"0"	"0"	"0"	"0"	"0"	"0"	"0"	"0"	"1"	"0"	"0"	"0"	"0"	"0"	"0"	"0"	"0"	"0"	"0"	"0"	"0"	"0"	"0"	"0"	"1"	"0"	"1"	"1"	"1"	"1"	"0"	"1"	"0"	"0"	"0"	"1"	"1"	"1"	"6"	"8"	"15"	"9"	"-0.560"\t"SUBJECT"\t"I-PER"
","	","	""	"Charles"	"1764-1828--Rerum"	"Hibernicarum"	"scriptores"	"0"	"0"	"0"	"0"	"0"	"0"	"0"	"0"	"0"	"2.112"	"0"	"0"	"0"	"0"	"0"	"0"	"0"	"0"	"0"	"0"	"0"	"0"	"0"	"0"	"0"	"0"	"0"	"0"	"0"	"0"	"0"	"0"	"0"	"0"	"0"	"0"	"1"	"1"	"0"	"1"	"1"	"1"	"0"	"0"	"0"	"0"	"0"	"1"	"1"	"8"	"15"	"16"	"12"	"10"	"-0.560"\t"SUBJECT"\t"I-PER"
"1764-1828--Rerum"	""	"Charles"	","	"Hibernicarum"	"scriptores"	"veteres"	"0"	"0"	"0"	"0"	"0"	"0"	"0"	"0"	"0"	"0"	"2.112"	"0"	"0"	"0"	"0.000"	"0"	"0"	"0"	"0"	"0"	"0"	"0"	"0"	"0"	"0"	"0"	"0"	"0"	"0"	"0"	"0"	"0"	"0"	"0"	"0"	"0"	"1"	"0"	"1"	"0"	"0"	"0"	"1"	"0"	"0"	"0"	"0"	"16"	"8"	"15"	"1"	"12"	"10"	"7"	"-0.560"\t"SUBJECT"\t"O"
"Hibernicarum"	"Charles"	","	"1764-1828--Rerum"	"scriptores"	"veteres"	"_"	"0"	"0"	"0"	"0"	"0"	"0"	"0"	"0"	"0"	"0"	"0"	"0"	"0.000"	"0"	"0"	"0"	"0"	"0"	"0"	"0"	"0"	"0"	"0"	"0"	"0"	"0"	"0"	"0"	"0"	"0"	"0"	"0"	"0"	"0"	"0"	"1"	"0"	"0"	"0"	"0"	"0"	"1"	"0"	"0"	"0"	"0"	"0"	"12"	"15"	"1"	"16"	"10"	"7"	"1"	"-0.560"\t"SUBJECT"\t"O"
"scriptores"	","	"1764-1828--Rerum"	"Hibernicarum"	"veteres"	"_"	"_"	"0"	"0"	"0"	"0"	"0"	"0"	"0"	"0"	"0"	"0"	"0"	"0"	"0"	"0.000"	"0"	"0"	"0"	"0"	"0"	"0"	"0"	"0"	"0"	"0"	"0"	"0"	"0"	"0"	"0"	"0"	"0"	"0"	"0"	"0"	"0"	"0"	"0"	"1"	"0"	"0"	"0"	"0"	"0"	"0"	"1"	"0"	"0"	"10"	"1"	"16"	"12"	"7"	"1"	"1"	"-0.560"\t"SUBJECT"\t"O"
"veteres"	"1764-1828--Rerum"	"Hibernicarum"	"scriptores"	"_"	"_"	"_"	"0"	"0"	"0"	"0"	"0"	"0"	"0"	"0"	"0"	"0"	"0"	"0.148"	"0"	"0"	"0"	"0"	"0"	"0"	"0"	"0"	"0"	"0"	"0"	"0"	"0"	"0"	"0"	"0"	"0"	"0"	"0"	"0"	"0"	"0"	"0"	"0"	"1"	"0"	"0"	"0"	"0"	"0"	"0"	"1"	"1"	"0"	"0"	"7"	"16"	"12"	"10"	"1"	"1"	"1"	"-0.560"\t"SUBJECT"\t"O"
"O"	"_"	"_"	"_"	"'Donnell"	","	""	"0"	"0"	"0"	"0"	"0"	"0"	"0"	"0"	"0"	"3.223"	"0.148"	"0"	"0.000"	"0"	"0"	"0"	"0"	"0"	"0"	"1"	"0"	"0"	"0"	"0"	"0"	"0"	"0"	"0"	"0"	"0"	"0"	"0"	"0"	"0"	"0"	"1"	"0"	"0"	"0"	"0"	"1"	"1"	"1"	"0"	"1"	"1"	"0"	"1"	"1"	"1"	"1"	"16"	"9"	"8"	"-0.336"\t"SUBJECT"\t"O"
"'Donnell"	"_"	"_"	"O"	","	""	"Manus"	"0"	"0"	"0"	"0"	"0"	"0"	"0"	"0"	"0"	"0"	"3.223"	"0"	"0"	"0.000"	"0"	"0"	"0"	"0"	"0"	"0"	"0"	"1"	"0"	"0"	"0"	"0"	"0"	"0"	"0"	"0"	"0"	"0"	"0"	"0"	"0"	"0"	"0"	"1"	"0"	"1"	"0"	"1"	"1"	"1"	"1"	"0"	"0"	"8"	"1"	"1"	"1"	"9"	"8"	"13"	"-0.336"\t"SUBJECT"\t"B-PER"
","	"_"	"O"	"'Donnell"	""	"Manus"	","	"0"	"0"	"0"	"0"	"0"	"0"	"0"	"0"	"0"	"2.112"	"0"	"0"	"0"	"0"	"0"	"0"	"0"	"0"	"0"	"0"	"1"	"0"	"0"	"0"	"0"	"0"	"0"	"0"	"0"	"0"	"0"	"0"	"0"	"0"	"0"	"0"	"1"	"0"	"1"	"1"	"1"	"1"	"0"	"1"	"0"	"0"	"0"	"1"	"1"	"1"	"8"	"8"	"13"	"9"	"-0.336"\t"SUBJECT"\t"I-PER"
","	","	""	"Manus"	"d"	"."	"1564--Betha"	"0"	"0"	"0"	"0"	"0"	"0"	"0"	"0"	"0.020"	"2.112"	"0"	"2.506"	"0"	"0"	"0"	"0"	"0"	"0"	"0"	"0"	"0"	"0"	"1"	"0"	"0"	"0"	"0"	"0"	"0"	"0"	"1"	"0"	"0"	"0"	"0"	"0"	"1"	"1"	"0"	"0"	"1"	"1"	"0"	"0"	"1"	"0"	"0"	"1"	"1"	"8"	"13"	"1"	"1"	"11"	"-0.336"\t"SUBJECT"\t"I-PER"
"d"	""	"Manus"	","	"."	"1564--Betha"	"Colaim"	"0"	"0"	"0"	"0"	"0"	"0"	"0.020"	"0"	"0"	"2.506"	"2.112"	"2.366"	"0"	"0"	"0"	"0"	"0"	"0"	"0"	"1"	"0"	"0"	"0"	"0"	"0"	"0"	"0"	"1"	"0"	"0"	"0"	"0"	"0"	"0"	"0"	"0"	"1"	"0"	"0"	"0"	"0"	"0"	"1"	"1"	"0"	"0"	"0"	"1"	"8"	"13"	"1"	"1"	"11"	"6"	"-0.336"\t"SUBJECT"\t"O"
"."	"Manus"	","	"d"	"1564--Betha"	"Colaim"	"Chille"	"0"	"0"	"0"	"0"	"0"	"0"	"0"	"0.020"	"0"	"2.366"	"2.506"	"0"	"0"	"0"	"0"	"0"	"0"	"0"	"0"	"0"	"0"	"1"	"0"	"0"	"0"	"0"	"0"	"0"	"0"	"1"	"0"	"0"	"0"	"0"	"0"	"0"	"0"	"0"	"0"	"1"	"1"	"1"	"0"	"0"	"0"	"0"	"0"	"1"	"13"	"1"	"1"	"11"	"6"	"6"	"-0.336"\t"SUBJECT"\t"O"
"1564--Betha"	","	"d"	"."	"Colaim"	"Chille"	"_"	"0"	"0"	"0"	"0"	"0"	"0"	"0"	"0"	"0"	"0"	"2.366"	"0"	"0"	"0"	"0.000"	"0"	"0"	"0"	"0"	"0"	"1"	"0"	"0"	"0"	"0"	"0"	"0"	"0"	"1"	"0"	"0"	"0"	"0"	"0"	"0"	"0"	"0"	"0"	"1"	"1"	"0"	"0"	"1"	"0"	"0"	"0"	"0"	"11"	"1"	"1"	"1"	"6"	"6"	"1"	"-0.336"\t"SUBJECT"\t"O"
"Colaim"	"d"	"."	"1564--Betha"	"Chille"	"_"	"_"	"0"	"0"	"0"	"0"	"0"	"0.291"	"0"	"0"	"0"	"0"	"0"	"0.077"	"0.000"	"0"	"0.000"	"0"	"0"	"0"	"0"	"0"	"0"	"0"	"0"	"0"	"0"	"0"	"0"	"0"	"0"	"0"	"0"	"0"	"0"	"0"	"0"	"1"	"0"	"0"	"1"	"0"	"0"	"1"	"0"	"0"	"1"	"0"	"0"	"6"	"1"	"1"	"11"	"6"	"1"	"1"	"-0.336"\t"SUBJECT"\t"O"
"Chille"	"."	"1564--Betha"	"Colaim"	"_"	"_"	"_"	"0"	"0"	"0"	"0.291"	"0"	"0"	"0"	"0"	"0"	"0.077"	"0"	"0.148"	"0.000"	"0.000"	"0"	"0"	"0"	"0"	"0"	"0"	"0"	"0"	"0"	"0"	"0"	"0"	"0"	"0"	"0"	"0"	"0"	"0"	"0"	"0"	"0"	"1"	"0"	"1"	"0"	"0"	"0"	"0"	"0"	"1"	"1"	"0"	"0"	"6"	"1"	"11"	"6"	"1"	"1"	"1"	"-0.336"\t"SUBJECT"\t"O"
"O"	"_"	"_"	"_"	"'Donovan"	","	""	"0"	"0"	"0"	"0"	"0"	"0"	"0"	"0"	"0"	"3.223"	"0.148"	"0"	"0.000"	"0"	"0"	"0"	"0"	"0"	"0"	"1"	"0"	"0"	"0"	"0"	"0"	"0"	"0"	"0"	"0"	"0"	"0"	"0"	"0"	"0"	"0"	"1"	"0"	"0"	"0"	"0"	"1"	"1"	"1"	"0"	"1"	"1"	"0"	"1"	"1"	"1"	"1"	"16"	"9"	"8"	"-0.511"\t"SUBJECT"\t"O"
"'Donovan"	"_"	"_"	"O"	","	""	"John"	"0"	"0"	"0"	"0"	"0"	"0"	"0"	"0"	"0"	"0"	"3.223"	"0"	"0"	"0.000"	"0"	"0"	"0"	"0"	"0"	"0"	"0"	"1"	"0"	"0"	"0"	"0"	"0"	"0"	"0"	"0"	"0"	"0"	"0"	"0"	"0"	"0"	"0"	"1"	"0"	"1"	"0"	"1"	"1"	"1"	"1"	"0"	"0"	"8"	"1"	"1"	"1"	"9"	"8"	"12"	"-0.511"\t"SUBJECT"\t"B-PER"
","	"_"	"O"	"'Donovan"	""	"John"	","	"0"	"0"	"0"	"0"	"0"	"0"	"0"	"0"	"0"	"2.112"	"0"	"0"	"0"	"0"	"0"	"0"	"0"	"0"	"0"	"0"	"1"	"0"	"0"	"0"	"0"	"0"	"0"	"0"	"0"	"0"	"0"	"0"	"0"	"0"	"0"	"0"	"1"	"0"	"1"	"1"	"1"	"1"	"0"	"1"	"0"	"0"	"0"	"1"	"1"	"1"	"8"	"8"	"12"	"9"	"-0.511"\t"SUBJECT"\t"I-PER"
","	","	""	"John"	"1809-1861--Correspondence"	"_"	"_"	"0"	"0"	"0"	"0"	"0"	"0"	"0"	"0"	"0"	"2.112"	"0"	"0"	"0"	"0"	"0"	"0"	"0"	"0"	"0"	"0"	"0"	"0"	"0"	"0"	"0"	"0"	"0"	"0"	"0"	"0"	"0"	"0"	"0"	"0"	"0"	"0"	"1"	"1"	"0"	"0"	"1"	"1"	"0"	"0"	"1"	"0"	"0"	"1"	"1"	"8"	"12"	"25"	"1"	"1"	"-0.511"\t"SUBJECT"\t"I-PER"
"1809-1861--Correspondence"	""	"John"	","	"_"	"_"	"_"	"0"	"0"	"0"	"0"	"0"	"0"	"0"	"0"	"0"	"0"	"2.112"	"0.148"	"0"	"0"	"0"	"0"	"0"	"0"	"0"	"0"	"0"	"0"	"0"	"0"	"0"	"0"	"0"	"0"	"0"	"0"	"0"	"0"	"0"	"0"	"0"	"0"	"1"	"0"	"0"	"0"	"0"	"0"	"1"	"1"	"1"	"0"	"0"	"25"	"8"	"12"	"1"	"1"	"1"	"1"	"-0.511"\t"SUBJECT"\t"O"
"O"	"_"	"_"	"_"	"'Donovan"	","	""	"0"	"0"	"0"	"0"	"0"	"0"	"0"	"0"	"0"	"3.223"	"0.148"	"0"	"0.000"	"0"	"0"	"0"	"0"	"0"	"0"	"1"	"0"	"0"	"0"	"0"	"0"	"0"	"0"	"0"	"0"	"0"	"0"	"0"	"0"	"0"	"0"	"1"	"0"	"0"	"0"	"0"	"1"	"1"	"1"	"0"	"1"	"1"	"0"	"1"	"1"	"1"	"1"	"16"	"9"	"8"	"-0.693"\t"SUBJECT"\t"O"
"'Donovan"	"_"	"_"	"O"	","	""	"John"	"0"	"0"	"0"	"0"	"0"	"0"	"0"	"0"	"0"	"0"	"3.223"	"0"	"0"	"0.000"	"0"	"0"	"0"	"0"	"0"	"0"	"0"	"1"	"0"	"0"	"0"	"0"	"0"	"0"	"0"	"0"	"0"	"0"	"0"	"0"	"0"	"0"	"0"	"1"	"0"	"1"	"0"	"1"	"1"	"1"	"1"	"0"	"0"	"8"	"1"	"1"	"1"	"9"	"8"	"12"	"-0.693"\t"SUBJECT"\t"B-PER"
","	"_"	"O"	"'Donovan"	""	"John"	","	"0"	"0"	"0"	"0"	"0"	"0"	"0"	"0"	"0"	"2.112"	"0"	"0"	"0"	"0"	"0"	"0"	"0"	"0"	"0"	"0"	"1"	"0"	"0"	"0"	"0"	"0"	"0"	"0"	"0"	"0"	"0"	"0"	"0"	"0"	"0"	"0"	"1"	"0"	"1"	"1"	"1"	"1"	"0"	"1"	"0"	"0"	"0"	"1"	"1"	"1"	"8"	"8"	"12"	"9"	"-0.693"\t"SUBJECT"\t"I-PER"
","	","	""	"John"	"1809-1861--Grammar"	"of"	"the"	"0"	"0"	"0"	"0"	"0"	"0"	"0"	"0"	"0"	"2.112"	"0"	"0"	"0"	"0"	"0"	"0"	"0"	"0"	"0"	"0"	"0"	"0"	"0"	"0"	"0"	"0"	"0"	"0"	"0"	"0"	"0"	"0"	"0"	"0"	"0"	"0"	"1"	"1"	"0"	"0"	"1"	"1"	"0"	"0"	"0"	"0"	"0"	"1"	"1"	"8"	"12"	"18"	"2"	"3"	"-0.693"\t"SUBJECT"\t"I-PER"
"1809-1861--Grammar"	""	"John"	","	"of"	"the"	"Irish"	"0"	"0"	"0"	"0"	"0"	"0"	"0"	"0"	"0"	"0"	"2.112"	"10.233"	"0"	"0"	"0"	"0"	"0"	"0"	"0"	"0"	"0"	"0"	"0"	"0"	"0"	"0"	"0"	"0"	"0"	"0"	"0"	"0"	"0"	"0"	"0"	"0"	"1"	"0"	"0"	"0"	"0"	"0"	"1"	"0"	"0"	"0"	"0"	"18"	"8"	"12"	"1"	"2"	"3"	"5"	"-0.693"\t"SUBJECT"\t"O"
"of"	"John"	","	"1809-1861--Grammar"	"the"	"Irish"	"language"	"0"	"0"	"0"	"0"	"0"	"0"	"0"	"0"	"0"	"10.233"	"0"	"8.687"	"0"	"0"	"0"	"0"	"0"	"0"	"0"	"0"	"0"	"0"	"0"	"0"	"0"	"0"	"0"	"0"	"0"	"0"	"0"	"0"	"0"	"0"	"0"	"0"	"0"	"0"	"0"	"1"	"0"	"1"	"0"	"0"	"0"	"0"	"0"	"2"	"12"	"1"	"18"	"3"	"5"	"8"	"-0.693"\t"SUBJECT"\t"O"
"the"	","	"1809-1861--Grammar"	"of"	"Irish"	"language"	"_"	"0"	"0"	"2.55839651231616"	"0"	"0"	"2.871"	"0"	"0"	"0"	"8.687"	"10.233"	"4.550"	"0"	"0"	"0.000"	"0"	"0"	"0"	"0"	"0"	"0"	"0"	"1"	"0"	"0"	"0"	"0"	"0"	"0"	"0"	"1"	"0"	"0"	"0"	"0"	"0"	"0"	"0"	"1"	"0"	"0"	"0"	"0"	"0"	"0"	"0"	"0"	"3"	"1"	"18"	"2"	"5"	"8"	"1"	"-0.693"\t"SUBJECT"\t"O"
"Irish"	"1809-1861--Grammar"	"of"	"the"	"language"	"_"	"_"	"2.558"	"0"	"2.558"	"2.871"	"0"	"0"	"0"	"0"	"0"	"4.550"	"8.687"	"2.432"	"0.000"	"0"	"0"	"0"	"0"	"0"	"0"	"1"	"0"	"0"	"1"	"0"	"0"	"0"	"0"	"1"	"0"	"0"	"0"	"0"	"0"	"0"	"0"	"1"	"0"	"0"	"0"	"0"	"0"	"0"	"0"	"0"	"1"	"0"	"0"	"5"	"18"	"2"	"3"	"8"	"1"	"1"	"-0.693"\t"SUBJECT"\t"O"
"language"	"of"	"the"	"Irish"	"_"	"_"	"_"	"2.558"	"2.558"	"2.558"	"0"	"2.871"	"0"	"0"	"0"	"0"	"2.432"	"4.550"	"0.148"	"0"	"0.000"	"0"	"0"	"0"	"0"	"0"	"1"	"0"	"1"	"0"	"0"	"0"	"0"	"0"	"0"	"0"	"1"	"0"	"0"	"0"	"0"	"0"	"0"	"0"	"1"	"0"	"0"	"0"	"0"	"0"	"1"	"1"	"0"	"0"	"8"	"2"	"3"	"5"	"1"	"1"	"1"	"-0.693"\t"SUBJECT"\t"O"
"Reeves"	"_"	"_"	"_"	","	""	"William"	"1.626"	"0"	"0"	"4.790"	"0"	"0"	"0"	"0"	"0"	"1.354"	"0.148"	"0"	"0.000"	"0"	"0"	"0"	"0"	"0"	"0"	"0"	"0"	"0"	"0"	"0"	"0"	"0"	"0"	"0"	"0"	"0"	"0"	"0"	"0"	"0"	"0"	"1"	"0"	"0"	"0"	"1"	"0"	"1"	"1"	"1"	"1"	"1"	"0"	"6"	"1"	"1"	"1"	"9"	"8"	"15"	"-0.288"\t"SUBJECT"\t"B-PER"
","	"_"	"_"	"Reeves"	""	"William"	","	"0"	"1.626"	"0"	"0"	"4.790"	"0"	"0"	"0"	"0"	"2.112"	"1.354"	"0"	"0"	"0.000"	"0"	"0"	"0"	"0"	"0"	"0"	"0"	"0"	"0"	"0"	"0"	"0"	"0"	"0"	"0"	"0"	"0"	"0"	"0"	"0"	"0"	"0"	"0"	"1"	"1"	"1"	"1"	"1"	"0"	"1"	"0"	"0"	"0"	"1"	"1"	"1"	"6"	"8"	"15"	"9"	"-0.288"\t"SUBJECT"\t"I-PER"
","	","	""	"William"	"1815-1892--Correspondence"	"_"	"_"	"0"	"0"	"0"	"0"	"0"	"0"	"0"	"0"	"0"	"2.112"	"0"	"0"	"0"	"0"	"0"	"0"	"0"	"0"	"0"	"0"	"0"	"0"	"0"	"0"	"0"	"0"	"0"	"0"	"0"	"0"	"0"	"0"	"0"	"0"	"0"	"0"	"1"	"1"	"0"	"0"	"1"	"1"	"0"	"0"	"1"	"0"	"0"	"1"	"1"	"8"	"15"	"25"	"1"	"1"	"-0.288"\t"SUBJECT"\t"I-PER"
"1815-1892--Correspondence"	""	"William"	","	"_"	"_"	"_"	"0"	"0"	"0"	"0"	"0"	"0"	"0"	"0"	"0"	"0"	"2.112"	"0.148"	"0"	"0"	"0"	"0"	"0"	"0"	"0"	"0"	"0"	"0"	"0"	"0"	"0"	"0"	"0"	"0"	"0"	"0"	"0"	"0"	"0"	"0"	"0"	"0"	"1"	"0"	"0"	"0"	"0"	"0"	"1"	"1"	"1"	"0"	"0"	"25"	"8"	"15"	"1"	"1"	"1"	"1"	"-0.288"\t"SUBJECT"\t"O"
"The"	"_"	"_"	"_"	"Nation"	"_"	"_"	"2.288"	"0"	"0.0658669928223053"	"2.171"	"0"	"2.506"	"0"	"0"	"0"	"5.976"	"0.148"	"3.502"	"0.000"	"0"	"0.000"	"0"	"0"	"0"	"0"	"0"	"0"	"0"	"1"	"0"	"0"	"0"	"0"	"0"	"0"	"0"	"0"	"0"	"0"	"0"	"0"	"1"	"0"	"0"	"1"	"0"	"0"	"1"	"1"	"0"	"1"	"1"	"0"	"3"	"1"	"1"	"1"	"6"	"1"	"1"	"0.693"\t"SUBJECT"\t"O"
"Nation"	"_"	"_"	"The"	"_"	"_"	"_"	"0.066"	"2.288"	"0.066"	"2.506"	"2.171"	"0"	"0"	"0"	"0"	"3.502"	"5.976"	"0.148"	"0.000"	"0.000"	"0"	"0"	"0"	"0"	"0"	"1"	"0"	"0"	"0"	"0"	"0"	"0"	"0"	"0"	"0"	"0"	"0"	"0"	"0"	"0"	"0"	"1"	"0"	"1"	"0"	"0"	"0"	"1"	"0"	"1"	"1"	"0"	"0"	"6"	"1"	"1"	"3"	"1"	"1"	"1"	"0.693"\t"SUBJECT"\t"O"
"Tower"	"_"	"_"	"_"	"of"	"London"	"("	"0.597"	"0"	"0"	"2.939"	"0"	"0"	"0"	"0"	"0"	"2.738"	"0.148"	"0"	"0.000"	"0"	"0"	"0"	"0"	"0"	"0"	"1"	"0"	"0"	"0"	"1"	"0"	"0"	"0"	"0"	"0"	"0"	"0"	"0"	"0"	"0"	"0"	"1"	"0"	"0"	"0"	"1"	"0"	"1"	"1"	"0"	"0"	"1"	"0"	"5"	"1"	"1"	"1"	"10"	"14"	"1"	"-0.405"\t"SUBJECT"\t"B-LOC"
"of"	"_"	"_"	"Tower"	"London"	"("	"London"	"0"	"0.597"	"0"	"0"	"2.939"	"0"	"0"	"0"	"0"	"10.233"	"2.738"	"0"	"0"	"0.000"	"0"	"0"	"0"	"0"	"0"	"0"	"0"	"1"	"0"	"0"	"0"	"1"	"0"	"0"	"0"	"0"	"0"	"0"	"0"	"0"	"0"	"0"	"0"	"1"	"1"	"0"	"0"	"1"	"0"	"0"	"1"	"0"	"0"	"2"	"1"	"1"	"5"	"14"	"1"	"14"	"-0.405"\t"SUBJECT"\t"I-LOC"
"London"	"_"	"Tower"	"of"	"("	"London"	","	"1.113"	"0"	"0"	"4.216"	"0"	"0"	"0"	"0"	"0"	"5.509"	"10.233"	"0"	"0.800"	"0"	"0"	"0"	"0"	"0"	"0"	"1"	"1"	"0"	"0"	"0"	"1"	"0"	"0"	"0"	"0"	"0"	"0"	"0"	"0"	"0"	"0"	"1"	"1"	"0"	"0"	"1"	"0"	"0"	"0"	"1"	"0"	"0"	"0"	"6"	"1"	"5"	"2"	"1"	"14"	"1"	"-0.405"\t"SUBJECT"\t"I-LOC"
"("	"Tower"	"of"	"London"	"London"	","	"England"	"0"	"1.113"	"0"	"0"	"4.216"	"0"	"0"	"0"	"0"	"0"	"5.509"	"0"	"0"	"0.800"	"0"	"0"	"0"	"0"	"0"	"0"	"0"	"1"	"0"	"0"	"0"	"0"	"0"	"0"	"0"	"0"	"0"	"0"	"0"	"0"	"0"	"0"	"0"	"1"	"1"	"0"	"1"	"0"	"0"	"0"	"1"	"0"	"0"	"1"	"5"	"2"	"6"	"14"	"1"	"15"	"-0.405"\t"SUBJECT"\t"O"
"London"	"of"	"London"	"("	","	"England"	")"	"1.113"	"0"	"0"	"4.216"	"0"	"0"	"0"	"0"	"0"	"5.509"	"0"	"2.112"	"0.800"	"0"	"0"	"0"	"0"	"0"	"0"	"1"	"1"	"0"	"0"	"0"	"0"	"0"	"0"	"0"	"0"	"0"	"0"	"0"	"0"	"0"	"0"	"1"	"1"	"0"	"0"	"1"	"0"	"0"	"1"	"1"	"0"	"0"	"0"	"6"	"2"	"6"	"1"	"1"	"15"	"1"	"-0.405"\t"SUBJECT"\t"B-LOC"
","	"London"	"("	"London"	"England"	")"	"--Archives"	"0"	"1.113"	"0"	"0"	"4.216"	"0"	"0"	"0"	"0"	"2.112"	"5.509"	"0"	"0"	"0.800"	"0"	"0"	"0"	"0"	"0"	"0"	"0"	"1"	"0"	"0"	"0"	"0"	"0"	"0"	"0"	"0"	"0"	"0"	"0"	"0"	"0"	"0"	"0"	"1"	"1"	"0"	"1"	"1"	"0"	"0"	"1"	"0"	"0"	"1"	"6"	"1"	"6"	"15"	"1"	"10"	"-0.405"\t"SUBJECT"\t"O"
"England"	"("	"London"	","	")"	"--Archives"	"_"	"0.769"	"0"	"0"	"3.983"	"0"	"0"	"0"	"0"	"0"	"5.119"	"2.112"	"0"	"0.000"	"0"	"0"	"1"	"0"	"0"	"0"	"1"	"1"	"0"	"0"	"0"	"0"	"0"	"0"	"0"	"0"	"0"	"0"	"0"	"0"	"0"	"0"	"1"	"1"	"0"	"0"	"0"	"0"	"0"	"1"	"1"	"0"	"0"	"0"	"7"	"1"	"6"	"1"	"1"	"10"	"1"	"-0.405"\t"SUBJECT"\t"B-LOC"
")"	"London"	","	"England"	"--Archives"	"_"	"_"	"0"	"0.769"	"0"	"0"	"3.983"	"0"	"0"	"0"	"0"	"0"	"5.119"	"0"	"0"	"0.000"	"0"	"0"	"0"	"1"	"0"	"0"	"0"	"1"	"0"	"0"	"0"	"0"	"0"	"0"	"0"	"0"	"0"	"0"	"0"	"0"	"0"	"0"	"0"	"1"	"0"	"0"	"1"	"1"	"0"	"0"	"1"	"0"	"0"	"1"	"6"	"1"	"7"	"10"	"1"	"1"	"-0.405"\t"SUBJECT"\t"O"
"--Archives"	","	"England"	")"	"_"	"_"	"_"	"0"	"0"	"0"	"0"	"0"	"0"	"0"	"0"	"0"	"0"	"0"	"0.148"	"0"	"0"	"0"	"0"	"1"	"0"	"0"	"0"	"1"	"0"	"0"	"0"	"0"	"0"	"0"	"0"	"0"	"0"	"0"	"0"	"0"	"0"	"0"	"0"	"1"	"0"	"0"	"0"	"0"	"0"	"1"	"1"	"1"	"0"	"0"	"10"	"1"	"7"	"1"	"1"	"1"	"1"	"-0.405"\t"SUBJECT"\t"O"
"O"	"_"	"_"	"_"	"'Donovan"	","	""	"0"	"0"	"0"	"0"	"0"	"0"	"0"	"0"	"0"	"3.223"	"0.148"	"0"	"0.000"	"0"	"0"	"0"	"0"	"0"	"0"	"1"	"0"	"0"	"0"	"0"	"0"	"0"	"0"	"0"	"0"	"0"	"0"	"0"	"0"	"0"	"0"	"1"	"0"	"0"	"0"	"0"	"1"	"1"	"1"	"0"	"1"	"1"	"0"	"1"	"1"	"1"	"1"	"16"	"9"	"8"	"-0.511"\t"CREATOR"\t"O"
"'Donovan"	"_"	"_"	"O"	","	""	"John"	"0"	"0"	"0"	"0"	"0"	"0"	"0"	"0"	"0"	"0"	"3.223"	"0"	"0"	"0.000"	"0"	"0"	"0"	"0"	"0"	"0"	"0"	"1"	"0"	"0"	"0"	"0"	"0"	"0"	"0"	"0"	"0"	"0"	"0"	"0"	"0"	"0"	"0"	"1"	"0"	"1"	"0"	"1"	"1"	"1"	"1"	"0"	"0"	"8"	"1"	"1"	"1"	"9"	"8"	"12"	"-0.511"\t"CREATOR"\t"B-PER"
","	"_"	"O"	"'Donovan"	""	"John"	","	"0"	"0"	"0"	"0"	"0"	"0"	"0"	"0"	"0"	"2.112"	"0"	"0"	"0"	"0"	"0"	"0"	"0"	"0"	"0"	"0"	"1"	"0"	"0"	"0"	"0"	"0"	"0"	"0"	"0"	"0"	"0"	"0"	"0"	"0"	"0"	"0"	"1"	"0"	"1"	"1"	"1"	"1"	"0"	"1"	"0"	"0"	"0"	"1"	"1"	"1"	"8"	"8"	"12"	"9"	"-0.511"\t"CREATOR"\t"I-PER"
","	","	""	"John"	"1809-1861"	"_"	"_"	"0"	"0"	"0"	"0"	"0"	"0"	"0"	"0"	"0"	"2.112"	"0"	"0"	"0"	"0"	"0"	"0"	"0"	"0"	"0"	"0"	"0"	"0"	"0"	"0"	"0"	"0"	"0"	"0"	"0"	"0"	"0"	"0"	"0"	"0"	"0"	"0"	"1"	"1"	"0"	"0"	"1"	"1"	"0"	"1"	"1"	"0"	"0"	"1"	"1"	"8"	"12"	"9"	"1"	"1"	"-0.511"\t"CREATOR"\t"I-PER"
"1809-1861"	""	"John"	","	"_"	"_"	"_"	"0"	"0"	"0"	"0"	"0"	"0"	"0"	"0"	"0"	"0"	"2.112"	"0.148"	"0"	"0"	"0"	"0"	"0"	"0"	"0"	"0"	"0"	"0"	"0"	"0"	"0"	"0"	"0"	"0"	"0"	"0"	"0"	"0"	"0"	"0"	"0"	"0"	"1"	"0"	"0"	"0"	"1"	"0"	"1"	"1"	"1"	"0"	"0"	"9"	"8"	"12"	"1"	"1"	"1"	"1"	"-0.511"\t"CREATOR"\t"O"
